width,height,sumofsquares,label
 71, 72,10225,1
 76, 72,10960,1
 74, 69,10237,1
 72, 74,10660,1
 73, 75,10954,1
 72, 74,10660,1
 73, 70,10229,1
 74, 71,10517,1
 71, 73,10370,1
 76, 72,10960,1
 75, 70,10525,1
 72, 74,10660,1
 74, 75,11101,1
 72, 74,10660,1
 74, 71,10517,1
 74, 70,10376,1
 71, 72,10225,1
 76, 72,10960,1
 73, 75,10954,1
 75, 70,10525,1
 73, 75,10954,1
 73, 74,10805,1
 74, 70,10376,1
 74, 70,10376,1
 70, 72,10084,1
 72, 76,10960,1
 75, 71,10666,1
 74, 69,10237,1
 74, 75,11101,1
 70, 73,10229,1
 73, 70,10229,1
 73, 70,10229,1
 70, 72,10084,1
 75, 71,10666,1
 73, 67,9818,1
 72, 74,10660,1
 73, 75,10954,1
 69, 72,9945,1
 74, 70,10376,1
 74, 70,10376,1
 70, 72,10084,1
 72, 73,10513,1
 74, 68,10100,1
 74, 71,10517,1
 73, 76,11105,1
 69, 73,10090,1
 72, 70,10084,1
 73, 70,10229,1
 69, 72,9945,1
 75, 70,10525,1
 74, 68,10100,1
 72, 73,10513,1
 73, 75,10954,1
 70, 73,10229,1
 73, 70,10229,1
 74, 70,10376,1
 70, 71,9941,1
 74, 68,10100,1
 75, 70,10525,1
 73, 72,10513,1
 73, 75,10954,1
 72, 75,10809,1
 73, 71,10370,1
 73, 70,10229,1
 70, 71,9941,1
 74, 69,10237,1
 74, 67,9965,1
 73, 73,10658,1
 73, 75,10954,1
 68, 73,9953,1
 74, 71,10517,1
 73, 72,10513,1
 70, 71,9941,1
 75, 70,10525,1
 74, 67,9965,1
 73, 73,10658,1
 74, 76,11252,1
 70, 73,10229,1
 73, 70,10229,1
 72, 70,10084,1
 71, 72,10225,1
 74, 70,10376,1
 73, 67,9818,1
 73, 74,10805,1
 72, 76,10960,1
 73, 71,10370,1
 69, 74,10237,1
 72, 70,10084,1
 71, 72,10225,1
 74, 70,10376,1
 74, 68,10100,1
 74, 74,10952,1
 73, 75,10954,1
 73, 71,10370,1
 69, 74,10237,1
 72, 70,10084,1
 74, 70,10376,1
 71, 73,10370,1
 73, 74,10805,1
 73, 68,9953,1
 73, 75,10954,1
 69, 73,10090,1
 73, 71,10370,1
 73, 71,10370,1
 74, 71,10517,1
 72, 73,10513,1
 74, 68,10100,1
 72, 73,10513,1
 73, 74,10805,1
 74, 71,10517,1
 73, 72,10513,1
 69, 73,10090,1
 75, 71,10666,1
 72, 72,10368,1
 73, 73,10658,1
 74, 68,10100,1
 74, 75,11101,1
 74, 71,10517,1
 69, 73,10090,1
 73, 72,10513,1
 75, 70,10525,1
 72, 72,10368,1
 74, 68,10100,1
 72, 73,10513,1
 74, 75,11101,1
 74, 71,10517,1
 73, 72,10513,1
 70, 73,10229,1
 71, 73,10370,1
 74, 71,10517,1
 74, 68,10100,1
 72, 74,10660,1
 73, 75,10954,1
 73, 72,10513,1
 73, 70,10229,1
 71, 74,10517,1
 71, 72,10225,1
 74, 71,10517,1
 72, 73,10513,1
 74, 68,10100,1
 73, 75,10954,1
 73, 72,10513,1
 73, 70,10229,1
 71, 74,10517,1
 74, 71,10517,1
 70, 72,10084,1
 72, 73,10513,1
 74, 68,10100,1
 73, 75,10954,1
 73, 71,10370,1
 73, 71,10370,1
 68, 73,9953,1
 70, 73,10229,1
 74, 71,10517,1
 74, 68,10100,1
 73, 73,10658,1
 73, 75,10954,1
 72, 71,10225,1
 73, 71,10370,1
 71, 74,10517,1
 70, 73,10229,1
 75, 71,10666,1
 73, 73,10658,1
 73, 68,9953,1
 73, 75,10954,1
 73, 71,10370,1
 73, 70,10229,1
 69, 74,10237,1
 70, 72,10084,1
 74, 71,10517,1
 74, 68,10100,1
 73, 73,10658,1
 73, 76,11105,1
 73, 71,10370,1
 71, 75,10666,1
 73, 71,10370,1
 74, 70,10376,1
 71, 73,10370,1
 74, 68,10100,1
 72, 73,10513,1
 73, 74,10805,1
 69, 74,10237,1
 73, 72,10513,1
 72, 71,10225,1
 74, 71,10517,1
 71, 73,10370,1
 74, 68,10100,1
 73, 74,10805,1
 73, 74,10805,1
 73, 72,10513,1
 69, 74,10237,1
 74, 73,10805,1
 74, 71,10517,1
 70, 72,10084,1
 73, 68,9953,1
 73, 74,10805,1
 73, 74,10805,1
 71, 74,10517,1
 73, 72,10513,1
 73, 72,10513,1
 74, 70,10376,1
 71, 72,10225,1
 73, 68,9953,1
 73, 75,10954,1
 73, 74,10805,1
 71, 74,10517,1
 73, 71,10370,1
 73, 71,10370,1
 74, 70,10376,1
 70, 72,10084,1
 74, 68,10100,1
 73, 74,10805,1
 73, 74,10805,1
 72, 74,10660,1
 73, 72,10513,1
 73, 71,10370,1
 74, 70,10376,1
 70, 72,10084,1
 74, 68,10100,1
 73, 74,10805,1
 73, 75,10954,1
 73, 72,10513,1
 73, 71,10370,1
 72, 74,10660,1
 75, 70,10525,1
 70, 72,10084,1
 74, 68,10100,1
 72, 73,10513,1
 73, 75,10954,1
 72, 71,10225,1
 72, 74,10660,1
 73, 71,10370,1
 74, 70,10376,1
 70, 72,10084,1
 72, 74,10660,1
 74, 68,10100,1
 73, 75,10954,1
 72, 72,10368,1
 71, 74,10517,1
 73, 71,10370,1
 74, 71,10517,1
 70, 72,10084,1
 73, 68,9953,1
 73, 74,10805,1
 72, 75,10809,1
 72, 73,10513,1
 71, 75,10666,1
 73, 71,10370,1
 70, 72,10084,1
 74, 71,10517,1
 73, 68,9953,1
 72, 73,10513,1
 73, 75,10954,1
 72, 73,10513,1
 71, 75,10666,1
 72, 71,10225,1
 70, 72,10084,1
 74, 70,10376,1
 72, 73,10513,1
 74, 68,10100,1
 73, 75,10954,1
 73, 73,10658,1
 71, 75,10666,1
 73, 71,10370,1
 74, 71,10517,1
 70, 72,10084,1
 73, 68,9953,1
 73, 74,10805,1
 73, 75,10954,1
 72, 73,10513,1
 69, 74,10237,1
 72, 71,10225,1
 70, 72,10084,1
 74, 72,10660,1
 74, 67,9965,1
 71, 74,10517,1
 73, 75,10954,1
 72, 71,10225,1
 74, 71,10517,1
 71, 74,10517,1
 70, 71,9941,1
 74, 71,10517,1
 74, 67,9965,1
 72, 73,10513,1
 73, 75,10954,1
 71, 75,10666,1
 73, 72,10513,1
 72, 71,10225,1
 71, 71,10082,1
 74, 72,10660,1
 74, 67,9965,1
 72, 74,10660,1
 73, 75,10954,1
 72, 74,10660,1
 73, 71,10370,1
 74, 72,10660,1
 75, 71,10666,1
 71, 71,10082,1
 74, 67,9965,1
 72, 74,10660,1
 73, 75,10954,1
 72, 74,10660,1
 73, 72,10513,1
 73, 72,10513,1
 74, 71,10517,1
 71, 71,10082,1
 74, 67,9965,1
 73, 74,10805,1
 73, 75,10954,1
 71, 74,10517,1
 73, 72,10513,1
 72, 71,10225,1
 71, 71,10082,1
 75, 71,10666,1
 74, 67,9965,1
 73, 74,10805,1
 72, 75,10809,1
 73, 72,10513,1
 71, 74,10517,1
 73, 71,10370,1
 75, 71,10666,1
 71, 71,10082,1
 74, 68,10100,1
 73, 73,10658,1
 72, 75,10809,1
 73, 72,10513,1
 71, 74,10517,1
 72, 71,10225,1
 75, 71,10666,1
 71, 72,10225,1
 73, 67,9818,1
 73, 73,10658,1
 73, 75,10954,1
 73, 72,10513,1
 71, 74,10517,1
 73, 71,10370,1
 75, 71,10666,1
 71, 72,10225,1
 73, 67,9818,1
 72, 74,10660,1
 73, 75,10954,1
 72, 74,10660,1
 74, 71,10517,1
 74, 73,10805,1
 75, 71,10666,1
 71, 72,10225,1
 74, 67,9965,1
 73, 74,10805,1
 73, 75,10954,1
 72, 74,10660,1
 74, 72,10660,1
 73, 71,10370,1
 71, 71,10082,1
 75, 72,10809,1
 73, 67,9818,1
 73, 74,10805,1
 74, 75,11101,1
 73, 72,10513,1
 72, 74,10660,1
 73, 71,10370,1
 76, 71,10817,1
 71, 71,10082,1
 74, 67,9965,1
 73, 73,10658,1
 73, 75,10954,1
 72, 74,10660,1
 74, 72,10660,1
 73, 71,10370,1
 70, 72,10084,1
 74, 70,10376,1
 74, 67,9965,1
 72, 75,10809,1
 72, 75,10809,1
 73, 71,10370,1
 72, 70,10084,1
 68, 73,9953,1
 74, 69,10237,1
 70, 72,10084,1
 74, 68,10100,1
 73, 74,10805,1
 72, 74,10660,1
 73, 71,10370,1
 71, 74,10517,1
 72, 70,10084,1
 74, 70,10376,1
 70, 72,10084,1
 74, 68,10100,1
 72, 74,10660,1
 72, 75,10809,1
 74, 72,10660,1
 71, 74,10517,1
 73, 70,10229,1
 74, 70,10376,1
 70, 73,10229,1
 74, 68,10100,1
 72, 75,10809,1
 72, 74,10660,1
 71, 75,10666,1
 74, 72,10660,1
 73, 71,10370,1
 74, 69,10237,1
 71, 73,10370,1
 74, 68,10100,1
 72, 74,10660,1
 73, 74,10805,1
 71, 75,10666,1
 74, 72,10660,1
 72, 71,10225,1
 74, 70,10376,1
 71, 73,10370,1
 74, 68,10100,1
 72, 74,10660,1
 72, 74,10660,1
 71, 75,10666,1
 74, 72,10660,1
 72, 71,10225,1
 74, 69,10237,1
 70, 72,10084,1
 73, 74,10805,1
 74, 68,10100,1
 72, 75,10809,1
 72, 74,10660,1
 72, 70,10084,1
 74, 71,10517,1
 74, 70,10376,1
 71, 72,10225,1
 73, 75,10954,1
 73, 68,9953,1
 73, 75,10954,1
 71, 75,10666,1
 73, 71,10370,1
 72, 71,10225,1
 74, 69,10237,1
 71, 73,10370,1
 74, 68,10100,1
 73, 74,10805,1
 73, 75,10954,1
 73, 72,10513,1
 71, 74,10517,1
 72, 71,10225,1
 73, 69,10090,1
 70, 72,10084,1
 74, 68,10100,1
 73, 74,10805,1
 73, 74,10805,1
 71, 74,10517,1
 73, 72,10513,1
 72, 71,10225,1
 74, 70,10376,1
 70, 73,10229,1
 74, 68,10100,1
 73, 73,10658,1
 73, 75,10954,1
 73, 72,10513,1
 71, 74,10517,1
 73, 71,10370,1
 74, 71,10517,1
 71, 73,10370,1
 73, 68,9953,1
 73, 74,10805,1
 73, 75,10954,1
 73, 71,10370,1
 71, 74,10517,1
 72, 70,10084,1
 70, 72,10084,1
 74, 71,10517,1
 73, 74,10805,1
 73, 68,9953,1
 74, 74,10952,1
 73, 72,10513,1
 71, 74,10517,1
 73, 71,10370,1
 71, 71,10082,1
 74, 71,10517,1
 73, 68,9953,1
 73, 74,10805,1
 73, 75,10954,1
 72, 74,10660,1
 74, 71,10517,1
 73, 70,10229,1
 71, 71,10082,1
 74, 71,10517,1
 73, 73,10658,1
 74, 68,10100,1
 73, 74,10805,1
 73, 72,10513,1
 71, 74,10517,1
 73, 71,10370,1
 75, 71,10666,1
 71, 72,10225,1
 73, 73,10658,1
 74, 68,10100,1
 72, 74,10660,1
 74, 72,10660,1
 72, 74,10660,1
 73, 70,10229,1
 70, 71,9941,1
 75, 72,10809,1
 74, 68,10100,1
 73, 73,10658,1
 72, 75,10809,1
 73, 72,10513,1
 71, 74,10517,1
 73, 70,10229,1
 71, 72,10225,1
 75, 72,10809,1
 74, 68,10100,1
 73, 73,10658,1
 73, 74,10805,1
 73, 72,10513,1
 72, 70,10084,1
 70, 74,10376,1
 75, 71,10666,1
 71, 71,10082,1
 73, 68,9953,1
 73, 73,10658,1
 73, 75,10954,1
 73, 71,10370,1
 72, 70,10084,1
 68, 73,9953,1
 75, 72,10809,1
 71, 72,10225,1
 73, 68,9953,1
 73, 73,10658,1
 73, 75,10954,1
 72, 72,10368,1
 72, 70,10084,1
 70, 74,10376,1
 75, 71,10666,1
 71, 71,10082,1
 74, 68,10100,1
 73, 74,10805,1
 73, 75,10954,1
 71, 74,10517,1
 73, 71,10370,1
 72, 69,9945,1
 75, 71,10666,1
 71, 71,10082,1
 73, 68,9953,1
 73, 73,10658,1
 73, 76,11105,1
 73, 71,10370,1
 71, 74,10517,1
 72, 70,10084,1
 75, 72,10809,1
 71, 71,10082,1
 73, 68,9953,1
 73, 74,10805,1
 73, 75,10954,1
 73, 71,10370,1
 71, 74,10517,1
 72, 70,10084,1
 75, 71,10666,1
 70, 71,9941,1
 74, 68,10100,1
 73, 74,10805,1
 73, 75,10954,1
 73, 71,10370,1
 70, 75,10525,1
 72, 71,10225,1
 70, 72,10084,1
 74, 71,10517,1
 73, 67,9818,1
 73, 75,10954,1
 72, 74,10660,1
 73, 73,10658,1
 73, 71,10370,1
 69, 74,10237,1
 70, 72,10084,1
 74, 70,10376,1
 73, 67,9818,1
 73, 75,10954,1
 72, 75,10809,1
 74, 71,10517,1
 73, 70,10229,1
 69, 74,10237,1
 70, 72,10084,1
 74, 71,10517,1
 72, 68,9808,1
 74, 74,10952,1
 73, 75,10954,1
 73, 72,10513,1
 69, 74,10237,1
 72, 70,10084,1
 70, 71,9941,1
 74, 70,10376,1
 73, 68,9953,1
 74, 74,10952,1
 73, 75,10954,1
 73, 72,10513,1
 69, 73,10090,1
 72, 71,10225,1
 70, 72,10084,1
 74, 71,10517,1
 74, 74,10952,1
 73, 68,9953,1
 73, 75,10954,1
 73, 72,10513,1
 71, 74,10517,1
 73, 71,10370,1
 70, 72,10084,1
 74, 72,10660,1
 73, 68,9953,1
 74, 74,10952,1
 73, 74,10805,1
 73, 72,10513,1
 73, 71,10370,1
 71, 74,10517,1
 70, 72,10084,1
 75, 71,10666,1
 73, 67,9818,1
 74, 75,11101,1
 73, 74,10805,1
 73, 72,10513,1
 73, 70,10229,1
 71, 74,10517,1
 70, 71,9941,1
 74, 71,10517,1
 73, 68,9953,1
 73, 74,10805,1
 73, 74,10805,1
 73, 72,10513,1
 69, 74,10237,1
 73, 70,10229,1
 70, 71,9941,1
 74, 71,10517,1
 74, 74,10952,1
 73, 68,9953,1
 73, 75,10954,1
 73, 72,10513,1
 69, 74,10237,1
 73, 71,10370,1
 71, 71,10082,1
 74, 71,10517,1
 74, 74,10952,1
 73, 68,9953,1
 73, 74,10805,1
 73, 72,10513,1
 73, 71,10370,1
 71, 74,10517,1
 71, 72,10225,1
 75, 71,10666,1
 73, 68,9953,1
 73, 75,10954,1
 73, 75,10954,1
 73, 73,10658,1
 73, 70,10229,1
 69, 74,10237,1
 71, 71,10082,1
 74, 71,10517,1
 73, 68,9953,1
 73, 75,10954,1
 73, 75,10954,1
 72, 73,10513,1
 73, 71,10370,1
 69, 74,10237,1
 70, 72,10084,1
 74, 69,10237,1
 73, 74,10805,1
 73, 67,9818,1
 72, 74,10660,1
 73, 72,10513,1
 68, 73,9953,1
 72, 70,10084,1
 71, 72,10225,1
 75, 70,10525,1
 73, 68,9953,1
 73, 74,10805,1
 73, 75,10954,1
 73, 71,10370,1
 71, 73,10370,1
 72, 70,10084,1
 70, 72,10084,1
 74, 70,10376,1
 73, 68,9953,1
 74, 74,10952,1
 73, 75,10954,1
 73, 71,10370,1
 71, 73,10370,1
 73, 71,10370,1
 71, 72,10225,1
 74, 70,10376,1
 73, 68,9953,1
 73, 74,10805,1
 73, 75,10954,1
 72, 71,10225,1
 71, 74,10517,1
 72, 71,10225,1
 74, 71,10517,1
 71, 72,10225,1
 73, 68,9953,1
 73, 74,10805,1
 73, 75,10954,1
 73, 71,10370,1
 71, 73,10370,1
 72, 71,10225,1
 71, 72,10225,1
 74, 70,10376,1
 73, 68,9953,1
 72, 74,10660,1
 73, 75,10954,1
 72, 73,10513,1
 73, 71,10370,1
 72, 70,10084,1
 70, 72,10084,1
 75, 71,10666,1
 73, 75,10954,1
 74, 69,10237,1
 73, 75,10954,1
 73, 71,10370,1
 71, 73,10370,1
 72, 71,10225,1
 75, 70,10525,1
 70, 72,10084,1
 74, 68,10100,1
 73, 74,10805,1
 73, 75,10954,1
 73, 72,10513,1
 72, 74,10660,1
 72, 70,10084,1
 71, 72,10225,1
 74, 71,10517,1
 74, 68,10100,1
 73, 74,10805,1
 73, 75,10954,1
 72, 74,10660,1
 73, 72,10513,1
 72, 71,10225,1
 71, 72,10225,1
 74, 70,10376,1
 74, 68,10100,1
 73, 74,10805,1
 73, 75,10954,1
 73, 72,10513,1
 71, 74,10517,1
 72, 71,10225,1
 71, 73,10370,1
 74, 71,10517,1
 73, 68,9953,1
 72, 74,10660,1
 73, 74,10805,1
 73, 72,10513,1
 72, 73,10513,1
 72, 71,10225,1
 74, 70,10376,1
 71, 72,10225,1
 73, 68,9953,1
 72, 74,10660,1
 73, 75,10954,1
 71, 73,10370,1
 73, 72,10513,1
 71, 71,10082,1
 71, 72,10225,1
 73, 69,10090,1
 74, 68,10100,1
 73, 74,10805,1
 72, 75,10809,1
 73, 72,10513,1
 72, 74,10660,1
 72, 70,10084,1
 70, 72,10084,1
 74, 70,10376,1
 74, 68,10100,1
 73, 75,10954,1
 72, 75,10809,1
 73, 72,10513,1
 72, 74,10660,1
 72, 71,10225,1
 71, 73,10370,1
 75, 70,10525,1
 74, 68,10100,1
 72, 75,10809,1
 72, 76,10960,1
 73, 72,10513,1
 72, 74,10660,1
 72, 70,10084,1
 70, 73,10229,1
 75, 70,10525,1
 74, 68,10100,1
 73, 74,10805,1
 72, 75,10809,1
 72, 75,10809,1
 73, 70,10229,1
 73, 72,10513,1
 70, 72,10084,1
 75, 71,10666,1
 74, 68,10100,1
 73, 74,10805,1
 73, 75,10954,1
 72, 74,10660,1
 73, 73,10658,1
 72, 70,10084,1
 71, 72,10225,1
 74, 71,10517,1
 74, 68,10100,1
 72, 74,10660,1
 73, 75,10954,1
 73, 72,10513,1
 72, 74,10660,1
 72, 71,10225,1
 70, 72,10084,1
 75, 72,10809,1
 74, 68,10100,1
 72, 74,10660,1
 73, 75,10954,1
 72, 74,10660,1
 72, 72,10368,1
 72, 71,10225,1
 70, 72,10084,1
 74, 72,10660,1
 74, 68,10100,1
 73, 75,10954,1
 73, 75,10954,1
 72, 72,10368,1
 69, 73,10090,1
 72, 71,10225,1
 70, 72,10084,1
 74, 71,10517,1
 74, 67,9965,1
 72, 75,10809,1
 73, 75,10954,1
 72, 74,10660,1
 73, 72,10513,1
 72, 71,10225,1
 70, 72,10084,1
 74, 71,10517,1
 74, 68,10100,1
 73, 74,10805,1
 73, 75,10954,1
 72, 74,10660,1
 72, 72,10368,1
 72, 70,10084,1
 70, 72,10084,1
 74, 71,10517,1
 74, 68,10100,1
 73, 74,10805,1
 73, 75,10954,1
 71, 74,10517,1
 73, 72,10513,1
 72, 70,10084,1
 71, 72,10225,1
 74, 71,10517,1
 74, 68,10100,1
 73, 73,10658,1
 73, 75,10954,1
 71, 74,10517,1
 73, 72,10513,1
 72, 70,10084,1
 69, 73,10090,1
 74, 70,10376,1
 73, 74,10805,1
 73, 68,9953,1
 72, 75,10809,1
 73, 71,10370,1
 71, 75,10666,1
 72, 70,10084,1
 74, 70,10376,1
 70, 72,10084,1
 73, 68,9953,1
 73, 74,10805,1
 72, 75,10809,1
 73, 72,10513,1
 69, 74,10237,1
 72, 71,10225,1
 70, 71,9941,1
 74, 69,10237,1
 73, 67,9818,1
 73, 74,10805,1
 72, 75,10809,1
 71, 74,10517,1
 73, 71,10370,1
 72, 70,10084,1
 70, 72,10084,1
 74, 69,10237,1
 74, 75,11101,1
 73, 67,9818,1
 72, 75,10809,1
 72, 74,10660,1
 72, 70,10084,1
 74, 71,10517,1
 74, 71,10517,1
 70, 72,10084,1
 74, 74,10952,1
 73, 68,9953,1
 72, 75,10809,1
 72, 74,10660,1
 73, 72,10513,1
 72, 71,10225,1
 74, 70,10376,1
 71, 72,10225,1
 74, 74,10952,1
 73, 68,9953,1
 72, 75,10809,1
 73, 71,10370,1
 71, 74,10517,1
 72, 71,10225,1
 75, 71,10666,1
 70, 71,9941,1
 73, 68,9953,1
 73, 74,10805,1
 71, 75,10666,1
 73, 71,10370,1
 71, 73,10370,1
 72, 70,10084,1
 74, 70,10376,1
 71, 72,10225,1
 73, 68,9953,1
 73, 74,10805,1
 72, 74,10660,1
 71, 74,10517,1
 74, 71,10517,1
 72, 70,10084,1
 75, 70,10525,1
 70, 71,9941,1
 73, 68,9953,1
 73, 75,10954,1
 72, 75,10809,1
 71, 74,10517,1
 74, 71,10517,1
 72, 70,10084,1
 74, 70,10376,1
 70, 72,10084,1
 73, 68,9953,1
 73, 75,10954,1
 72, 74,10660,1
 71, 74,10517,1
 74, 71,10517,1
 72, 70,10084,1
 74, 70,10376,1
 70, 72,10084,1
 73, 68,9953,1
 72, 74,10660,1
 72, 74,10660,1
 70, 74,10376,1
 74, 71,10517,1
 71, 70,9941,1
 74, 71,10517,1
 70, 72,10084,1
 73, 68,9953,1
 73, 74,10805,1
 73, 74,10805,1
 71, 74,10517,1
 74, 72,10660,1
 71, 70,9941,1
 75, 71,10666,1
 70, 73,10229,1
 73, 68,9953,1
 73, 74,10805,1
 73, 76,11105,1
 72, 72,10368,1
 70, 73,10229,1
 71, 69,9802,1
 75, 72,10809,1
 74, 68,10100,1
 70, 72,10084,1
 73, 74,10805,1
 73, 75,10954,1
 73, 72,10513,1
 72, 70,10084,1
 71, 74,10517,1
 75, 72,10809,1
 73, 68,9953,1
 70, 72,10084,1
 74, 74,10952,1
 73, 75,10954,1
 73, 72,10513,1
 71, 74,10517,1
 72, 70,10084,1
 75, 72,10809,1
 71, 72,10225,1
 73, 68,9953,1
 74, 74,10952,1
 73, 75,10954,1
 73, 73,10658,1
 71, 74,10517,1
 72, 70,10084,1
 75, 72,10809,1
 70, 72,10084,1
 74, 67,9965,1
 74, 74,10952,1
 74, 75,11101,1
 71, 74,10517,1
 73, 72,10513,1
 72, 70,10084,1
 75, 71,10666,1
 70, 72,10084,1
 73, 68,9953,1
 74, 74,10952,1
 73, 75,10954,1
 71, 74,10517,1
 73, 73,10658,1
 72, 71,10225,1
 75, 72,10809,1
 70, 72,10084,1
 74, 68,10100,1
 73, 74,10805,1
 73, 75,10954,1
 73, 73,10658,1
 70, 74,10376,1
 72, 71,10225,1
 75, 71,10666,1
 70, 72,10084,1
 73, 68,9953,1
 73, 74,10805,1
 73, 75,10954,1
 70, 74,10376,1
 73, 72,10513,1
 71, 71,10082,1
 74, 71,10517,1
 73, 68,9953,1
 70, 72,10084,1
 73, 74,10805,1
 73, 75,10954,1
 73, 73,10658,1
 71, 74,10517,1
 72, 70,10084,1
 74, 72,10660,1
 71, 72,10225,1
 73, 68,9953,1
 73, 73,10658,1
 73, 75,10954,1
 73, 72,10513,1
 71, 74,10517,1
 72, 70,10084,1
 75, 71,10666,1
 70, 71,9941,1
 73, 68,9953,1
 73, 73,10658,1
 73, 75,10954,1
 71, 74,10517,1
 73, 72,10513,1
 72, 70,10084,1
 75, 72,10809,1
 73, 68,9953,1
 71, 72,10225,1
 73, 73,10658,1
 73, 75,10954,1
 73, 73,10658,1
 71, 74,10517,1
 72, 70,10084,1
 70, 72,10084,1
 73, 70,10229,1
 72, 68,9808,1
 72, 73,10513,1
 72, 75,10809,1
 73, 71,10370,1
 71, 75,10666,1
 72, 71,10225,1
 74, 70,10376,1
 70, 72,10084,1
 73, 68,9953,1
 73, 74,10805,1
 73, 76,11105,1
 73, 71,10370,1
 72, 70,10084,1
 69, 74,10237,1
 74, 70,10376,1
 70, 72,10084,1
 73, 68,9953,1
 73, 74,10805,1
 73, 75,10954,1
 71, 74,10517,1
 73, 72,10513,1
 73, 71,10370,1
 74, 71,10517,1
 70, 72,10084,1
 73, 68,9953,1
 73, 73,10658,1
 73, 76,11105,1
 73, 72,10513,1
 72, 75,10809,1
 73, 70,10229,1
 74, 71,10517,1
 70, 71,9941,1
 73, 68,9953,1
 73, 73,10658,1
 72, 75,10809,1
 73, 72,10513,1
 69, 74,10237,1
 73, 71,10370,1
 74, 71,10517,1
 70, 71,9941,1
 73, 68,9953,1
 73, 73,10658,1
 73, 74,10805,1
 73, 71,10370,1
 71, 74,10517,1
 73, 71,10370,1
 74, 71,10517,1
 71, 72,10225,1
 73, 68,9953,1
 73, 73,10658,1
 72, 75,10809,1
 74, 72,10660,1
 71, 74,10517,1
 72, 70,10084,1
 70, 71,9941,1
 74, 70,10376,1
 73, 68,9953,1
 74, 74,10952,1
 73, 75,10954,1
 72, 74,10660,1
 74, 71,10517,1
 72, 71,10225,1
 74, 70,10376,1
 70, 72,10084,1
 73, 68,9953,1
 74, 74,10952,1
 73, 75,10954,1
 72, 74,10660,1
 73, 71,10370,1
 72, 70,10084,1
 74, 71,10517,1
 70, 71,9941,1
 73, 68,9953,1
 73, 75,10954,1
 73, 75,10954,1
 71, 74,10517,1
 73, 71,10370,1
 72, 70,10084,1
 74, 71,10517,1
 70, 71,9941,1
 73, 68,9953,1
 73, 74,10805,1
 73, 75,10954,1
 71, 74,10517,1
 73, 72,10513,1
 72, 70,10084,1
 74, 71,10517,1
 70, 71,9941,1
 73, 68,9953,1
 73, 74,10805,1
 73, 75,10954,1
 74, 72,10660,1
 72, 74,10660,1
 72, 70,10084,1
 70, 73,10229,1
 74, 71,10517,1
 73, 68,9953,1
 73, 75,10954,1
 72, 74,10660,1
 71, 74,10517,1
 72, 70,10084,1
 74, 71,10517,1
 71, 72,10225,1
 75, 72,10809,1
 73, 68,9953,1
 73, 75,10954,1
 73, 74,10805,1
 71, 74,10517,1
 73, 70,10229,1
 74, 72,10660,1
 75, 71,10666,1
 71, 73,10370,1
 73, 67,9818,1
 73, 74,10805,1
 73, 74,10805,1
 71, 74,10517,1
 73, 71,10370,1
 73, 71,10370,1
 71, 73,10370,1
 75, 70,10525,1
 73, 67,9818,1
 73, 73,10658,1
 73, 75,10954,1
 72, 74,10660,1
 74, 71,10517,1
 73, 71,10370,1
 72, 72,10368,1
 76, 71,10817,1
 72, 74,10660,1
 74, 67,9965,1
 73, 74,10805,1
 72, 74,10660,1
 73, 72,10513,1
 73, 71,10370,1
 71, 72,10225,1
 75, 71,10666,1
 73, 68,9953,1
 73, 74,10805,1
 73, 74,10805,1
 72, 74,10660,1
 73, 72,10513,1
 73, 71,10370,1
 75, 71,10666,1
 71, 72,10225,1
 73, 68,9953,1
 73, 74,10805,1
 73, 75,10954,1
 73, 74,10805,1
 74, 72,10660,1
 73, 71,10370,1
 76, 71,10817,1
 71, 72,10225,1
 74, 68,10100,1
 72, 74,10660,1
 73, 74,10805,1
 72, 74,10660,1
 73, 72,10513,1
 74, 71,10517,1
 75, 71,10666,1
 71, 72,10225,1
 74, 68,10100,1
 72, 73,10513,1
 73, 75,10954,1
 72, 75,10809,1
 72, 72,10368,1
 73, 71,10370,1
 75, 72,10809,1
 71, 72,10225,1
 73, 68,9953,1
 73, 74,10805,1
 73, 74,10805,1
 72, 75,10809,1
 73, 72,10513,1
 73, 71,10370,1
 75, 71,10666,1
 71, 72,10225,1
 74, 68,10100,1
 73, 73,10658,1
 72, 75,10809,1
 73, 71,10370,1
 71, 74,10517,1
 72, 71,10225,1
 75, 71,10666,1
 71, 72,10225,1
 74, 68,10100,1
 73, 73,10658,1
 73, 75,10954,1
 72, 74,10660,1
 73, 71,10370,1
 72, 71,10225,1
 70, 72,10084,1
 74, 70,10376,1
 72, 73,10513,1
 73, 67,9818,1
 73, 75,10954,1
 73, 72,10513,1
 69, 73,10090,1
 73, 70,10229,1
 70, 71,9941,1
 74, 70,10376,1
 73, 74,10805,1
 74, 67,9965,1
 73, 74,10805,1
 73, 72,10513,1
 69, 73,10090,1
 72, 70,10084,1
 71, 72,10225,1
 74, 71,10517,1
 73, 75,10954,1
 74, 67,9965,1
 73, 74,10805,1
 73, 71,10370,1
 72, 74,10660,1
 72, 71,10225,1
 70, 72,10084,1
 75, 72,10809,1
 74, 67,9965,1
 73, 74,10805,1
 73, 75,10954,1
 73, 72,10513,1
 72, 74,10660,1
 72, 71,10225,1
 70, 71,9941,1
 74, 71,10517,1
 74, 67,9965,1
 73, 74,10805,1
 72, 74,10660,1
 73, 71,10370,1
 71, 74,10517,1
 72, 70,10084,1
 74, 71,10517,1
 70, 71,9941,1
 73, 74,10805,1
 74, 68,10100,1
 72, 74,10660,1
 73, 72,10513,1
 71, 74,10517,1
 72, 70,10084,1
 74, 71,10517,1
 71, 71,10082,1
 73, 74,10805,1
 74, 68,10100,1
 72, 74,10660,1
 74, 73,10805,1
 72, 74,10660,1
 73, 70,10229,1
 71, 72,10225,1
 74, 71,10517,1
 73, 74,10805,1
 74, 68,10100,1
 73, 75,10954,1
 72, 74,10660,1
 74, 72,10660,1
 73, 70,10229,1
 74, 72,10660,1
 71, 72,10225,1
 73, 68,9953,1
 73, 74,10805,1
 73, 74,10805,1
 72, 74,10660,1
 74, 72,10660,1
 73, 71,10370,1
 74, 71,10517,1
 70, 72,10084,1
 73, 68,9953,1
 73, 74,10805,1
 73, 75,10954,1
 71, 74,10517,1
 74, 73,10805,1
 72, 70,10084,1
 70, 71,9941,1
 74, 71,10517,1
 74, 67,9965,1
 73, 73,10658,1
 73, 75,10954,1
 71, 73,10370,1
 73, 72,10513,1
 73, 70,10229,1
 70, 72,10084,1
 74, 71,10517,1
 73, 68,9953,1
 73, 73,10658,1
 73, 74,10805,1
 72, 73,10513,1
 73, 72,10513,1
 72, 70,10084,1
 70, 73,10229,1
 75, 70,10525,1
 73, 73,10658,1
 73, 68,9953,1
 73, 75,10954,1
 74, 72,10660,1
 73, 70,10229,1
 68, 74,10100,1
 75, 71,10666,1
 70, 72,10084,1
 73, 68,9953,1
 72, 74,10660,1
 72, 74,10660,1
 74, 72,10660,1
 73, 70,10229,1
 68, 74,10100,1
 74, 71,10517,1
 71, 72,10225,1
 73, 68,9953,1
 73, 74,10805,1
 73, 75,10954,1
 74, 71,10517,1
 74, 70,10376,1
 71, 75,10666,1
 74, 71,10517,1
 71, 72,10225,1
 73, 68,9953,1
 73, 74,10805,1
 73, 75,10954,1
 74, 73,10805,1
 71, 75,10666,1
 73, 69,10090,1
 75, 71,10666,1
 70, 72,10084,1
 73, 68,9953,1
 73, 74,10805,1
 73, 75,10954,1
 74, 72,10660,1
 68, 74,10100,1
 73, 70,10229,1
 74, 71,10517,1
 70, 72,10084,1
 73, 68,9953,1
 73, 74,10805,1
 73, 74,10805,1
 73, 72,10513,1
 69, 74,10237,1
 72, 70,10084,1
 75, 71,10666,1
 70, 72,10084,1
 73, 68,9953,1
 73, 74,10805,1
 73, 75,10954,1
 74, 72,10660,1
 70, 74,10376,1
 72, 70,10084,1
 75, 71,10666,1
 71, 72,10225,1
 74, 68,10100,1
 73, 74,10805,1
 73, 75,10954,1
 74, 72,10660,1
 69, 74,10237,1
 73, 71,10370,1
 70, 72,10084,1
 75, 72,10809,1
 73, 68,9953,1
 72, 74,10660,1
 73, 74,10805,1
 73, 72,10513,1
 71, 74,10517,1
 72, 70,10084,1
 74, 71,10517,1
 70, 72,10084,1
 73, 68,9953,1
 72, 73,10513,1
 73, 75,10954,1
 73, 72,10513,1
 71, 74,10517,1
 72, 70,10084,1
 74, 72,10660,1
 70, 72,10084,1
 73, 68,9953,1
 73, 73,10658,1
 72, 75,10809,1
 73, 72,10513,1
 71, 74,10517,1
 73, 71,10370,1
 74, 71,10517,1
 70, 72,10084,1
 73, 67,9818,1
 73, 73,10658,1
 72, 74,10660,1
 73, 72,10513,1
 73, 70,10229,1
 70, 74,10376,1
 70, 73,10229,1
 73, 71,10370,1
 73, 67,9818,1
 73, 75,10954,1
 72, 75,10809,1
 71, 74,10517,1
 75, 71,10666,1
 72, 71,10225,1
 70, 73,10229,1
 73, 71,10370,1
 73, 68,9953,1
 73, 74,10805,1
 73, 74,10805,1
 73, 71,10370,1
 71, 74,10517,1
 73, 71,10370,1
 70, 73,10229,1
 74, 71,10517,1
 73, 73,10658,1
 73, 67,9818,1
 73, 75,10954,1
 71, 74,10517,1
 74, 71,10517,1
 72, 71,10225,1
 70, 73,10229,1
 74, 71,10517,1
 73, 68,9953,1
 72, 74,10660,1
 73, 74,10805,1
 71, 75,10666,1
 74, 72,10660,1
 73, 71,10370,1
 71, 72,10225,1
 74, 70,10376,1
 74, 68,10100,1
 73, 73,10658,1
 72, 74,10660,1
 71, 74,10517,1
 73, 73,10658,1
 73, 71,10370,1
 74, 71,10517,1
 70, 72,10084,1
 74, 68,10100,1
 73, 74,10805,1
 72, 74,10660,1
 71, 74,10517,1
 73, 71,10370,1
 73, 71,10370,1
 71, 72,10225,1
 74, 71,10517,1
 74, 68,10100,1
 72, 74,10660,1
 72, 74,10660,1
 72, 74,10660,1
 73, 72,10513,1
 73, 71,10370,1
 71, 72,10225,1
 74, 71,10517,1
 73, 68,9953,1
 73, 73,10658,1
 72, 74,10660,1
 71, 74,10517,1
 73, 71,10370,1
 72, 70,10084,1
 70, 72,10084,1
 74, 71,10517,1
 73, 68,9953,1
 73, 74,10805,1
 72, 74,10660,1
 73, 72,10513,1
 72, 74,10660,1
 73, 71,10370,1
 70, 72,10084,1
 74, 71,10517,1
 74, 68,10100,1
 73, 74,10805,1
 72, 74,10660,1
 71, 74,10517,1
 74, 71,10517,1
 72, 70,10084,1
 70, 72,10084,1
 74, 71,10517,1
 73, 68,9953,1
 73, 74,10805,1
 72, 74,10660,1
 71, 74,10517,1
 73, 71,10370,1
 72, 71,10225,1
 74, 71,10517,1
 70, 72,10084,1
 73, 74,10805,1
 73, 68,9953,1
 72, 74,10660,1
 71, 74,10517,1
 73, 71,10370,1
 73, 71,10370,1
 71, 72,10225,1
 75, 71,10666,1
 73, 74,10805,1
 73, 67,9818,1
 72, 74,10660,1
 73, 72,10513,1
 72, 71,10225,1
 70, 74,10376,1
 71, 72,10225,1
 74, 71,10517,1
 73, 73,10658,1
 72, 68,9808,1
 73, 74,10805,1
 71, 74,10517,1
 73, 72,10513,1
 72, 70,10084,1
 72, 72,10368,1
 75, 71,10666,1
 73, 73,10658,1
 73, 68,9953,1
 73, 74,10805,1
 71, 75,10666,1
 73, 72,10513,1
 72, 71,10225,1
 72, 72,10368,1
 75, 71,10666,1
 73, 68,9953,1
 73, 73,10658,1
 73, 74,10805,1
 73, 71,10370,1
 71, 74,10517,1
 72, 71,10225,1
 71, 72,10225,1
 75, 72,10809,1
 73, 74,10805,1
 73, 68,9953,1
 73, 74,10805,1
 72, 74,10660,1
 73, 72,10513,1
 72, 70,10084,1
 70, 72,10084,1
 74, 71,10517,1
 73, 73,10658,1
 73, 68,9953,1
 72, 75,10809,1
 71, 75,10666,1
 73, 72,10513,1
 72, 71,10225,1
 71, 72,10225,1
 74, 71,10517,1
 73, 68,9953,1
 73, 73,10658,1
 73, 75,10954,1
 73, 72,10513,1
 72, 75,10809,1
 72, 70,10084,1
 71, 72,10225,1
 74, 71,10517,1
 73, 73,10658,1
 73, 68,9953,1
 72, 75,10809,1
 71, 75,10666,1
 74, 72,10660,1
 72, 70,10084,1
 71, 72,10225,1
 74, 71,10517,1
 73, 68,9953,1
 73, 73,10658,1
 72, 75,10809,1
 73, 71,10370,1
 72, 75,10809,1
 72, 71,10225,1
 70, 72,10084,1
 74, 70,10376,1
 73, 68,9953,1
 73, 73,10658,1
 72, 74,10660,1
 73, 71,10370,1
 71, 74,10517,1
 72, 71,10225,1
 70, 72,10084,1
 74, 70,10376,1
 73, 67,9818,1
 73, 73,10658,1
 72, 75,10809,1
 73, 71,10370,1
 71, 75,10666,1
 73, 71,10370,1
 71, 72,10225,1
 75, 71,10666,1
 73, 68,9953,1
 73, 74,10805,1
 72, 74,10660,1
 72, 71,10225,1
 70, 74,10376,1
 73, 71,10370,1
 69, 72,9945,1
 74, 70,10376,1
 72, 67,9673,1
 73, 75,10954,1
 72, 75,10809,1
 74, 71,10517,1
 71, 74,10517,1
 72, 71,10225,1
 69, 71,9802,1
 75, 70,10525,1
 73, 68,9953,1
 73, 75,10954,1
 73, 75,10954,1
 73, 71,10370,1
 70, 74,10376,1
 73, 71,10370,1
 70, 71,9941,1
 75, 71,10666,1
 72, 68,9808,1
 73, 74,10805,1
 73, 75,10954,1
 73, 71,10370,1
 72, 74,10660,1
 73, 70,10229,1
 70, 71,9941,1
 75, 70,10525,1
 72, 68,9808,1
 73, 74,10805,1
 72, 74,10660,1
 74, 71,10517,1
 71, 75,10666,1
 73, 70,10229,1
 70, 72,10084,1
 74, 70,10376,1
 73, 73,10658,1
 72, 68,9808,1
 73, 75,10954,1
 71, 75,10666,1
 73, 71,10370,1
 73, 70,10229,1
 70, 72,10084,1
 75, 71,10666,1
 73, 74,10805,1
 73, 68,9953,1
 73, 75,10954,1
 72, 75,10809,1
 73, 71,10370,1
 73, 71,10370,1
 70, 72,10084,1
 75, 70,10525,1
 72, 68,9808,1
 73, 74,10805,1
 73, 75,10954,1
 72, 75,10809,1
 73, 71,10370,1
 73, 71,10370,1
 70, 72,10084,1
 74, 70,10376,1
 72, 68,9808,1
 73, 74,10805,1
 73, 75,10954,1
 71, 74,10517,1
 73, 70,10229,1
 73, 70,10229,1
 70, 72,10084,1
 74, 70,10376,1
 72, 67,9673,1
 73, 73,10658,1
 73, 75,10954,1
 71, 74,10517,1
 73, 70,10229,1
 73, 70,10229,1
 70, 72,10084,1
 74, 70,10376,1
 73, 73,10658,1
 72, 67,9673,1
 73, 75,10954,1
 73, 71,10370,1
 71, 74,10517,1
 73, 70,10229,1
 71, 72,10225,1
 74, 71,10517,1
 73, 68,9953,1
 73, 72,10513,1
 73, 75,10954,1
 73, 71,10370,1
 72, 74,10660,1
 73, 70,10229,1
 70, 72,10084,1
 74, 71,10517,1
 72, 68,9808,1
 73, 73,10658,1
 73, 75,10954,1
 73, 70,10229,1
 72, 74,10660,1
 73, 70,10229,1
 69, 72,9945,1
 75, 70,10525,1
 73, 67,9818,1
 73, 74,10805,1
 73, 76,11105,1
 73, 70,10229,1
 72, 71,10225,1
 71, 74,10517,1
 70, 72,10084,1
 75, 70,10525,1
 73, 67,9818,1
 73, 75,10954,1
 72, 75,10809,1
 72, 74,10660,1
 73, 73,10658,1
 72, 70,10084,1
 70, 72,10084,1
 75, 71,10666,1
 72, 67,9673,1
 73, 75,10954,1
 73, 75,10954,1
 74, 72,10660,1
 72, 74,10660,1
 72, 70,10084,1
 70, 72,10084,1
 75, 71,10666,1
 72, 67,9673,1
 73, 74,10805,1
 73, 75,10954,1
 72, 73,10513,1
 74, 72,10660,1
 72, 71,10225,1
 75, 70,10525,1
 70, 72,10084,1
 72, 68,9808,1
 73, 74,10805,1
 73, 75,10954,1
 72, 73,10513,1
 73, 73,10658,1
 72, 71,10225,1
 70, 72,10084,1
 75, 70,10525,1
 73, 68,9953,1
 72, 74,10660,1
 72, 75,10809,1
 74, 72,10660,1
 71, 74,10517,1
 72, 71,10225,1
 69, 72,9945,1
 75, 70,10525,1
 73, 68,9953,1
 73, 74,10805,1
 72, 75,10809,1
 71, 74,10517,1
 73, 72,10513,1
 72, 71,10225,1
 69, 72,9945,1
 75, 70,10525,1
 73, 68,9953,1
 73, 73,10658,1
 72, 75,10809,1
 73, 72,10513,1
 71, 74,10517,1
 72, 71,10225,1
 70, 72,10084,1
 74, 70,10376,1
 73, 68,9953,1
 73, 74,10805,1
 72, 76,10960,1
 71, 74,10517,1
 72, 71,10225,1
 74, 72,10660,1
 70, 72,10084,1
 74, 71,10517,1
 73, 68,9953,1
 73, 74,10805,1
 72, 75,10809,1
 74, 72,10660,1
 71, 74,10517,1
 72, 71,10225,1
 70, 72,10084,1
 74, 71,10517,1
 73, 68,9953,1
 73, 73,10658,1
 72, 75,10809,1
 71, 74,10517,1
 73, 72,10513,1
 72, 71,10225,1
 75, 71,10666,1
 70, 72,10084,1
 73, 67,9818,1
 73, 73,10658,1
 72, 75,10809,1
 71, 74,10517,1
 73, 71,10370,1
 73, 71,10370,1
 69, 73,10090,1
 73, 67,9818,1
 75, 71,10666,1
 73, 73,10658,1
 73, 75,10954,1
 73, 71,10370,1
 71, 74,10517,1
 73, 71,10370,1
 70, 73,10229,1
 74, 70,10376,1
 73, 67,9818,1
 73, 73,10658,1
 73, 75,10954,1
 72, 74,10660,1
 73, 71,10370,1
 73, 71,10370,1
 71, 72,10225,1
 74, 70,10376,1
 73, 68,9953,1
 73, 73,10658,1
 73, 75,10954,1
 73, 70,10229,1
 71, 74,10517,1
 72, 71,10225,1
 71, 73,10370,1
 74, 70,10376,1
 73, 68,9953,1
 73, 74,10805,1
 73, 75,10954,1
 71, 74,10517,1
 74, 71,10517,1
 72, 71,10225,1
 70, 73,10229,1
 74, 71,10517,1
 73, 67,9818,1
 73, 73,10658,1
 73, 74,10805,1
 72, 74,10660,1
 74, 71,10517,1
 73, 71,10370,1
 71, 73,10370,1
 74, 70,10376,1
 73, 67,9818,1
 73, 74,10805,1
 72, 74,10660,1
 74, 71,10517,1
 71, 74,10517,1
 72, 71,10225,1
 70, 73,10229,1
 75, 71,10666,1
 73, 68,9953,1
 73, 74,10805,1
 73, 75,10954,1
 71, 74,10517,1
 74, 71,10517,1
 73, 71,10370,1
 71, 73,10370,1
 74, 71,10517,1
 73, 73,10658,1
 72, 68,9808,1
 73, 75,10954,1
 72, 74,10660,1
 73, 72,10513,1
 72, 71,10225,1
 71, 73,10370,1
 74, 70,10376,1
 73, 73,10658,1
 73, 68,9953,1
 73, 75,10954,1
 71, 73,10370,1
 74, 71,10517,1
 72, 71,10225,1
 71, 73,10370,1
 74, 72,10660,1
 73, 67,9818,1
 73, 74,10805,1
 73, 75,10954,1
 73, 71,10370,1
 71, 73,10370,1
 73, 72,10513,1
 71, 72,10225,1
 75, 72,10809,1
 73, 68,9953,1
 73, 73,10658,1
 72, 75,10809,1
 71, 73,10370,1
 73, 71,10370,1
 72, 71,10225,1
 70, 73,10229,1
 74, 72,10660,1
 72, 68,9808,1
 73, 73,10658,1
 72, 75,10809,1
 72, 73,10513,1
 72, 71,10225,1
 73, 71,10370,1
 70, 73,10229,1
 74, 70,10376,1
 73, 68,9953,1
 73, 74,10805,1
 72, 75,10809,1
 73, 71,10370,1
 71, 74,10517,1
 73, 71,10370,1
 74, 70,10376,1
 70, 73,10229,1
 74, 68,10100,1
 74, 73,10805,1
 73, 75,10954,1
 73, 71,10370,1
 71, 74,10517,1
 73, 71,10370,1
 70, 73,10229,1
 74, 70,10376,1
 73, 73,10658,1
 73, 68,9953,1
 72, 75,10809,1
 73, 71,10370,1
 71, 74,10517,1
 72, 70,10084,1
 74, 70,10376,1
 70, 72,10084,1
 74, 68,10100,1
 73, 74,10805,1
 72, 75,10809,1
 73, 71,10370,1
 71, 74,10517,1
 72, 70,10084,1
 74, 70,10376,1
 70, 72,10084,1
 73, 68,9953,1
 73, 73,10658,1
 72, 75,10809,1
 73, 72,10513,1
 72, 74,10660,1
 72, 71,10225,1
 70, 72,10084,1
 74, 71,10517,1
 73, 68,9953,1
 73, 74,10805,1
 72, 75,10809,1
 72, 74,10660,1
 73, 72,10513,1
 73, 71,10370,1
 70, 72,10084,1
 74, 71,10517,1
 73, 68,9953,1
 72, 74,10660,1
 73, 75,10954,1
 73, 72,10513,1
 71, 74,10517,1
 72, 71,10225,1
 70, 72,10084,1
 74, 71,10517,1
 73, 68,9953,1
 72, 74,10660,1
 73, 75,10954,1
 73, 72,10513,1
 71, 74,10517,1
 72, 71,10225,1
 70, 72,10084,1
 74, 71,10517,1
 73, 68,9953,1
 73, 74,10805,1
 73, 75,10954,1
 73, 72,10513,1
 71, 74,10517,1
 72, 71,10225,1
 70, 72,10084,1
 74, 70,10376,1
 73, 68,9953,1
 72, 73,10513,1
 73, 75,10954,1
 72, 74,10660,1
 73, 72,10513,1
 72, 71,10225,1
 74, 70,10376,1
 70, 72,10084,1
 73, 67,9818,1
 73, 73,10658,1
 73, 75,10954,1
 71, 74,10517,1
 74, 72,10660,1
 72, 71,10225,1
 70, 72,10084,1
 74, 70,10376,1
 74, 68,10100,1
 73, 74,10805,1
 73, 75,10954,1
 73, 72,10513,1
 71, 74,10517,1
 72, 71,10225,1
 75, 71,10666,1
 69, 72,9945,1
 73, 67,9818,1
 73, 74,10805,1
 73, 75,10954,1
 69, 73,10090,1
 73, 71,10370,1
 72, 72,10368,1
 70, 72,10084,1
 75, 71,10666,1
 73, 67,9818,1
 73, 73,10658,1
 73, 74,10805,1
 71, 74,10517,1
 73, 72,10513,1
 72, 71,10225,1
 69, 73,10090,1
 74, 71,10517,1
 73, 68,9953,1
 72, 74,10660,1
 73, 74,10805,1
 71, 74,10517,1
 73, 72,10513,1
 72, 71,10225,1
 70, 73,10229,1
 74, 71,10517,1
 73, 67,9818,1
 73, 73,10658,1
 73, 74,10805,1
 71, 74,10517,1
 73, 71,10370,1
 73, 71,10370,1
 74, 71,10517,1
 70, 72,10084,1
 73, 68,9953,1
 73, 74,10805,1
 73, 75,10954,1
 72, 74,10660,1
 73, 71,10370,1
 73, 71,10370,1
 70, 72,10084,1
 75, 71,10666,1
 73, 68,9953,1
 72, 74,10660,1
 73, 75,10954,1
 71, 74,10517,1
 73, 71,10370,1
 73, 71,10370,1
 69, 73,10090,1
 75, 71,10666,1
 74, 68,10100,1
 73, 74,10805,1
 73, 75,10954,1
 71, 74,10517,1
 73, 71,10370,1
 73, 71,10370,1
 69, 72,9945,1
 75, 71,10666,1
 73, 68,9953,1
 73, 74,10805,1
 73, 75,10954,1
 71, 74,10517,1
 73, 71,10370,1
 73, 71,10370,1
 69, 72,9945,1
 74, 72,10660,1
 73, 68,9953,1
 73, 74,10805,1
 73, 75,10954,1
 71, 74,10517,1
 73, 72,10513,1
 73, 71,10370,1
 69, 72,9945,1
 74, 72,10660,1
 73, 68,9953,1
 73, 73,10658,1
 72, 75,10809,1
 71, 74,10517,1
 73, 72,10513,1
 72, 70,10084,1
 69, 72,9945,1
 74, 72,10660,1
 73, 68,9953,1
 73, 74,10805,1
 72, 75,10809,1
 72, 74,10660,1
 73, 72,10513,1
 72, 70,10084,1
 75, 72,10809,1
 70, 72,10084,1
 73, 68,9953,1
 73, 74,10805,1
 73, 74,10805,1
 72, 74,10660,1
 73, 71,10370,1
 73, 71,10370,1
 69, 72,9945,1
 74, 70,10376,1
 73, 67,9818,1
 73, 74,10805,1
 72, 75,10809,1
 73, 72,10513,1
 74, 70,10376,1
 71, 74,10517,1
 69, 72,9945,1
 74, 70,10376,1
 73, 68,9953,1
 73, 74,10805,1
 72, 75,10809,1
 72, 75,10809,1
 73, 71,10370,1
 73, 71,10370,1
 70, 73,10229,1
 74, 71,10517,1
 73, 68,9953,1
 72, 74,10660,1
 72, 74,10660,1
 72, 75,10809,1
 73, 71,10370,1
 73, 71,10370,1
 69, 73,10090,1
 75, 71,10666,1
 73, 68,9953,1
 72, 74,10660,1
 72, 74,10660,1
 72, 74,10660,1
 73, 71,10370,1
 73, 71,10370,1
 70, 73,10229,1
 75, 71,10666,1
 74, 68,10100,1
 72, 75,10809,1
 72, 74,10660,1
 72, 74,10660,1
 73, 71,10370,1
 73, 71,10370,1
 70, 73,10229,1
 75, 71,10666,1
 73, 68,9953,1
 72, 74,10660,1
 72, 75,10809,1
 72, 74,10660,1
 73, 71,10370,1
 73, 71,10370,1
 69, 73,10090,1
 75, 71,10666,1
 73, 68,9953,1
 72, 74,10660,1
 72, 75,10809,1
 73, 72,10513,1
 71, 74,10517,1
 73, 71,10370,1
 75, 71,10666,1
 70, 72,10084,1
 73, 68,9953,1
 73, 73,10658,1
 73, 75,10954,1
 72, 74,10660,1
 73, 72,10513,1
 74, 72,10660,1
 70, 72,10084,1
 75, 71,10666,1
 74, 68,10100,1
 73, 73,10658,1
 73, 75,10954,1
 71, 74,10517,1
 74, 72,10660,1
 73, 71,10370,1
 70, 72,10084,1
 75, 70,10525,1
 73, 68,9953,1
 73, 74,10805,1
 73, 75,10954,1
 72, 74,10660,1
 74, 72,10660,1
 74, 71,10517,1
 69, 72,9945,1
 75, 71,10666,1
 73, 68,9953,1
 73, 73,10658,1
 73, 75,10954,1
 73, 72,10513,1
 72, 74,10660,1
 73, 71,10370,1
 69, 72,9945,1
 74, 72,10660,1
 73, 68,9953,1
 73, 73,10658,1
 73, 75,10954,1
 73, 72,10513,1
 72, 74,10660,1
 74, 71,10517,1
 69, 72,9945,1
 74, 70,10376,1
 72, 68,9808,1
 74, 73,10805,1
 73, 74,10805,1
 72, 71,10225,1
 71, 75,10666,1
 74, 72,10660,1
 75, 70,10525,1
 70, 73,10229,1
 73, 74,10805,1
 73, 68,9953,1
 73, 74,10805,1
 73, 71,10370,1
 70, 74,10376,1
 72, 70,10084,1
 75, 71,10666,1
 69, 72,9945,1
 73, 68,9953,1
 73, 74,10805,1
 73, 74,10805,1
 73, 71,10370,1
 72, 74,10660,1
 72, 71,10225,1
 69, 72,9945,1
 75, 70,10525,1
 73, 68,9953,1
 73, 74,10805,1
 73, 74,10805,1
 73, 72,10513,1
 72, 74,10660,1
 72, 72,10368,1
 75, 70,10525,1
 70, 72,10084,1
 72, 74,10660,1
 73, 68,9953,1
 73, 74,10805,1
 73, 72,10513,1
 72, 75,10809,1
 72, 72,10368,1
 74, 70,10376,1
 70, 72,10084,1
 73, 73,10658,1
 73, 68,9953,1
 73, 74,10805,1
 72, 72,10368,1
 71, 74,10517,1
 73, 72,10513,1
 74, 70,10376,1
 70, 72,10084,1
 73, 73,10658,1
 73, 68,9953,1
 73, 74,10805,1
 74, 72,10660,1
 72, 71,10225,1
 69, 74,10237,1
 74, 70,10376,1
 70, 72,10084,1
 72, 73,10513,1
 73, 68,9953,1
 73, 74,10805,1
 72, 71,10225,1
 73, 72,10513,1
 71, 74,10517,1
 74, 71,10517,1
 70, 72,10084,1
 72, 73,10513,1
 73, 68,9953,1
 73, 74,10805,1
 71, 74,10517,1
 73, 71,10370,1
 72, 71,10225,1
 74, 71,10517,1
 70, 73,10229,1
 72, 73,10513,1
 73, 68,9953,1
 73, 75,10954,1
 71, 74,10517,1
 73, 71,10370,1
 72, 71,10225,1
 70, 72,10084,1
 74, 70,10376,1
 72, 73,10513,1
 73, 68,9953,1
 73, 74,10805,1
 71, 74,10517,1
 72, 71,10225,1
 73, 72,10513,1
 70, 72,10084,1
 73, 71,10370,1
 72, 74,10660,1
 73, 68,9953,1
 73, 74,10805,1
 72, 72,10368,1
 73, 71,10370,1
 70, 74,10376,1
 70, 73,10229,1
 75, 71,10666,1
 74, 67,9965,1
 72, 73,10513,1
 72, 75,10809,1
 71, 74,10517,1
 72, 71,10225,1
 73, 71,10370,1
 70, 72,10084,1
 74, 71,10517,1
 73, 67,9818,1
 72, 74,10660,1
 72, 75,10809,1
 71, 71,10082,1
 71, 74,10517,1
 73, 71,10370,1
 71, 73,10370,1
 74, 71,10517,1
 74, 68,10100,1
 73, 74,10805,1
 72, 75,10809,1
 71, 74,10517,1
 72, 71,10225,1
 75, 71,10666,1
 75, 71,10666,1
 71, 73,10370,1
 74, 68,10100,1
 73, 74,10805,1
 72, 75,10809,1
 71, 74,10517,1
 72, 71,10225,1
 75, 71,10666,1
 71, 73,10370,1
 74, 71,10517,1
 74, 68,10100,1
 73, 75,10954,1
 73, 75,10954,1
 71, 74,10517,1
 72, 71,10225,1
 75, 71,10666,1
 70, 72,10084,1
 74, 71,10517,1
 73, 68,9953,1
 73, 74,10805,1
 73, 75,10954,1
 71, 74,10517,1
 74, 71,10517,1
 72, 71,10225,1
 70, 72,10084,1
 74, 71,10517,1
 73, 68,9953,1
 73, 73,10658,1
 73, 75,10954,1
 71, 74,10517,1
 73, 72,10513,1
 72, 71,10225,1
 70, 73,10229,1
 74, 71,10517,1
 73, 68,9953,1
 73, 74,10805,1
 73, 75,10954,1
 73, 71,10370,1
 71, 74,10517,1
 72, 70,10084,1
 71, 73,10370,1
 74, 71,10517,1
 73, 73,10658,1
 73, 68,9953,1
 73, 75,10954,1
 74, 71,10517,1
 71, 74,10517,1
 72, 71,10225,1
 71, 72,10225,1
 74, 71,10517,1
 73, 68,9953,1
 73, 73,10658,1
 73, 75,10954,1
 72, 73,10513,1
 74, 71,10517,1
 72, 71,10225,1
 70, 73,10229,1
 75, 71,10666,1
 73, 68,9953,1
 73, 74,10805,1
 73, 75,10954,1
 73, 71,10370,1
 71, 74,10517,1
 72, 70,10084,1
 71, 72,10225,1
 75, 71,10666,1
 73, 68,9953,1
 73, 74,10805,1
 73, 75,10954,1
 73, 71,10370,1
 71, 74,10517,1
 72, 71,10225,1
 71, 73,10370,1
 72, 67,9673,1
 74, 70,10376,1
 73, 75,10954,1
 73, 75,10954,1
 69, 73,10090,1
 73, 72,10513,1
 73, 71,10370,1
 71, 72,10225,1
 74, 71,10517,1
 73, 67,9818,1
 73, 74,10805,1
 72, 74,10660,1
 73, 72,10513,1
 72, 74,10660,1
 72, 71,10225,1
 70, 72,10084,1
 74, 71,10517,1
 73, 68,9953,1
 73, 75,10954,1
 73, 74,10805,1
 71, 74,10517,1
 72, 72,10368,1
 72, 70,10084,1
 70, 72,10084,1
 74, 71,10517,1
 73, 68,9953,1
 73, 74,10805,1
 73, 74,10805,1
 72, 74,10660,1
 72, 72,10368,1
 73, 70,10229,1
 65, 70,9125,2
 64, 68,8720,2
 67, 68,9113,2
 64, 66,8452,2
 66, 65,8581,2
 63, 69,8730,2
 67, 64,8585,2
 66, 69,9117,2
 64, 69,8857,2
 67, 68,9113,2
 64, 66,8452,2
 64, 69,8857,2
 66, 65,8581,2
 67, 64,8585,2
 66, 69,9117,2
 67, 68,9113,2
 64, 69,8857,2
 63, 67,8458,2
 64, 70,8996,2
 65, 65,8450,2
 67, 64,8585,2
 66, 69,9117,2
 67, 67,8978,2
 64, 68,8720,2
 64, 67,8585,2
 64, 69,8857,2
 65, 65,8450,2
 67, 64,8585,2
 66, 68,8980,2
 64, 68,8720,2
 67, 68,9113,2
 64, 70,8996,2
 66, 65,8581,2
 64, 67,8585,2
 67, 64,8585,2
 66, 68,8980,2
 64, 69,8857,2
 67, 68,9113,2
 64, 70,8996,2
 66, 65,8581,2
 63, 68,8593,2
 67, 64,8585,2
 66, 68,8980,2
 64, 69,8857,2
 67, 67,8978,2
 65, 70,9125,2
 66, 66,8712,2
 63, 67,8458,2
 67, 64,8585,2
 67, 69,9250,2
 64, 69,8857,2
 67, 68,9113,2
 64, 70,8996,2
 63, 66,8325,2
 65, 65,8450,2
 67, 64,8585,2
 66, 69,9117,2
 64, 69,8857,2
 67, 67,8978,2
 63, 67,8458,2
 64, 70,8996,2
 66, 65,8581,2
 67, 64,8585,2
 66, 69,9117,2
 64, 69,8857,2
 67, 67,8978,2
 66, 65,8581,2
 63, 67,8458,2
 65, 70,9125,2
 67, 64,8585,2
 67, 70,9389,2
 63, 69,8730,2
 66, 68,8980,2
 64, 67,8585,2
 65, 70,9125,2
 66, 66,8712,2
 67, 65,8714,2
 67, 70,9389,2
 64, 68,8720,2
 67, 68,9113,2
 64, 66,8452,2
 66, 65,8581,2
 64, 69,8857,2
 67, 65,8714,2
 67, 69,9250,2
 67, 68,9113,2
 64, 69,8857,2
 65, 67,8714,2
 66, 66,8712,2
 64, 70,8996,2
 67, 64,8585,2
 67, 69,9250,2
 67, 68,9113,2
 64, 69,8857,2
 64, 70,8996,2
 64, 67,8585,2
 66, 66,8712,2
 68, 64,8720,2
 66, 69,9117,2
 68, 68,9248,2
 64, 69,8857,2
 64, 70,8996,2
 64, 66,8452,2
 65, 65,8450,2
 67, 64,8585,2
 67, 69,9250,2
 68, 68,9248,2
 63, 69,8730,2
 64, 70,8996,2
 64, 66,8452,2
 65, 65,8450,2
 68, 64,8720,2
 66, 69,9117,2
 63, 69,8730,2
 67, 68,9113,2
 65, 70,9125,2
 64, 67,8585,2
 65, 65,8450,2
 67, 63,8458,2
 66, 69,9117,2
 63, 69,8730,2
 67, 68,9113,2
 64, 70,8996,2
 64, 67,8585,2
 65, 65,8450,2
 67, 63,8458,2
 66, 69,9117,2
 63, 69,8730,2
 67, 68,9113,2
 64, 69,8857,2
 64, 66,8452,2
 65, 65,8450,2
 67, 63,8458,2
 66, 69,9117,2
 63, 69,8730,2
 67, 68,9113,2
 64, 70,8996,2
 64, 66,8452,2
 66, 65,8581,2
 67, 63,8458,2
 66, 69,9117,2
 67, 68,9113,2
 63, 69,8730,2
 64, 70,8996,2
 66, 65,8581,2
 63, 67,8458,2
 67, 64,8585,2
 66, 69,9117,2
 67, 68,9113,2
 64, 69,8857,2
 63, 67,8458,2
 64, 69,8857,2
 65, 65,8450,2
 67, 64,8585,2
 67, 69,9250,2
 65, 68,8849,2
 64, 69,8857,2
 66, 67,8845,2
 64, 70,8996,2
 67, 65,8714,2
 67, 65,8714,2
 67, 69,9250,2
 65, 68,8849,2
 67, 68,9113,2
 63, 69,8730,2
 67, 65,8714,2
 65, 70,9125,2
 67, 65,8714,2
 67, 69,9250,2
 63, 69,8730,2
 66, 68,8980,2
 64, 67,8585,2
 66, 65,8581,2
 65, 70,9125,2
 67, 65,8714,2
 67, 70,9389,2
 67, 68,9113,2
 63, 69,8730,2
 67, 65,8714,2
 64, 67,8585,2
 65, 70,9125,2
 67, 66,8845,2
 66, 69,9117,2
 63, 69,8730,2
 67, 68,9113,2
 67, 66,8845,2
 65, 70,9125,2
 64, 67,8585,2
 67, 65,8714,2
 66, 69,9117,2
 64, 66,8452,2
 63, 69,8730,2
 67, 67,8978,2
 66, 66,8712,2
 65, 70,9125,2
 67, 65,8714,2
 66, 69,9117,2
 67, 67,8978,2
 63, 69,8730,2
 64, 66,8452,2
 66, 66,8712,2
 64, 70,8996,2
 66, 65,8581,2
 66, 69,9117,2
 67, 67,8978,2
 64, 66,8452,2
 63, 68,8593,2
 65, 70,9125,2
 65, 66,8581,2
 66, 64,8452,2
 66, 70,9256,2
 63, 69,8730,2
 66, 68,8980,2
 64, 67,8585,2
 66, 65,8581,2
 65, 70,9125,2
 67, 63,8458,2
 66, 69,9117,2
 64, 66,8452,2
 67, 68,9113,2
 63, 69,8730,2
 66, 65,8581,2
 65, 69,8986,2
 67, 64,8585,2
 66, 70,9256,2
 64, 69,8857,2
 67, 67,8978,2
 64, 66,8452,2
 65, 69,8986,2
 66, 65,8581,2
 67, 64,8585,2
 66, 69,9117,2
 64, 68,8720,2
 67, 67,8978,2
 64, 67,8585,2
 64, 69,8857,2
 66, 65,8581,2
 67, 65,8714,2
 66, 69,9117,2
 67, 67,8978,2
 63, 69,8730,2
 64, 67,8585,2
 68, 65,8849,2
 63, 70,8869,2
 66, 66,8712,2
 66, 69,9117,2
 67, 68,9113,2
 63, 69,8730,2
 66, 66,8712,2
 63, 67,8458,2
 64, 69,8857,2
 68, 64,8720,2
 66, 68,8980,2
 63, 69,8730,2
 66, 67,8845,2
 64, 67,8585,2
 64, 69,8857,2
 66, 66,8712,2
 67, 65,8714,2
 66, 69,9117,2
 63, 69,8730,2
 67, 67,8978,2
 64, 67,8585,2
 65, 69,8986,2
 66, 66,8712,2
 67, 64,8585,2
 66, 69,9117,2
 63, 69,8730,2
 66, 66,8712,2
 64, 69,8857,2
 63, 67,8458,2
 66, 66,8712,2
 67, 64,8585,2
 66, 69,9117,2
 67, 67,8978,2
 63, 69,8730,2
 64, 69,8857,2
 63, 67,8458,2
 66, 66,8712,2
 67, 64,8585,2
 66, 68,8980,2
 67, 68,9113,2
 63, 69,8730,2
 64, 69,8857,2
 63, 66,8325,2
 65, 66,8581,2
 67, 64,8585,2
 66, 69,9117,2
 67, 68,9113,2
 63, 69,8730,2
 66, 67,8845,2
 64, 69,8857,2
 63, 66,8325,2
 67, 64,8585,2
 66, 69,9117,2
 63, 69,8730,2
 67, 68,9113,2
 63, 67,8458,2
 64, 69,8857,2
 66, 67,8845,2
 67, 64,8585,2
 66, 69,9117,2
 67, 67,8978,2
 63, 69,8730,2
 64, 70,8996,2
 63, 67,8458,2
 66, 66,8712,2
 67, 63,8458,2
 66, 69,9117,2
 67, 68,9113,2
 63, 69,8730,2
 63, 67,8458,2
 66, 66,8712,2
 64, 70,8996,2
 67, 63,8458,2
 66, 69,9117,2
 67, 68,9113,2
 63, 69,8730,2
 66, 65,8581,2
 63, 67,8458,2
 64, 69,8857,2
 67, 63,8458,2
 66, 69,9117,2
 64, 68,8720,2
 66, 68,8980,2
 64, 70,8996,2
 64, 67,8585,2
 66, 66,8712,2
 67, 64,8585,2
 66, 69,9117,2
 64, 67,8585,2
 66, 68,8980,2
 64, 68,8720,2
 64, 70,8996,2
 65, 66,8581,2
 67, 65,8714,2
 66, 69,9117,2
 64, 66,8452,2
 66, 68,8980,2
 64, 68,8720,2
 66, 66,8712,2
 64, 70,8996,2
 67, 65,8714,2
 66, 69,9117,2
 64, 68,8720,2
 67, 67,8978,2
 64, 66,8452,2
 64, 70,8996,2
 65, 66,8581,2
 67, 64,8585,2
 66, 69,9117,2
 67, 68,9113,2
 64, 67,8585,2
 64, 68,8720,2
 64, 70,8996,2
 66, 66,8712,2
 67, 65,8714,2
 66, 69,9117,2
 63, 68,8593,2
 67, 68,9113,2
 64, 66,8452,2
 64, 70,8996,2
 66, 66,8712,2
 67, 65,8714,2
 66, 70,9256,2
 64, 68,8720,2
 66, 68,8980,2
 64, 67,8585,2
 66, 66,8712,2
 64, 70,8996,2
 67, 65,8714,2
 66, 70,9256,2
 67, 68,9113,2
 66, 66,8712,2
 64, 68,8720,2
 65, 70,9125,2
 64, 68,8720,2
 68, 65,8849,2
 66, 70,9256,2
 64, 68,8720,2
 64, 67,8585,2
 67, 69,9250,2
 67, 66,8845,2
 65, 69,8986,2
 67, 65,8714,2
 66, 69,9117,2
 64, 68,8720,2
 67, 68,9113,2
 65, 67,8714,2
 66, 66,8712,2
 65, 69,8986,2
 67, 65,8714,2
 66, 70,9256,2
 64, 68,8720,2
 66, 68,8980,2
 64, 67,8585,2
 66, 66,8712,2
 68, 65,8849,2
 64, 69,8857,2
 67, 70,9389,2
 64, 69,8857,2
 67, 69,9250,2
 68, 65,8849,2
 64, 67,8585,2
 64, 70,8996,2
 66, 66,8712,2
 67, 69,9250,2
 64, 68,8720,2
 66, 68,8980,2
 64, 68,8720,2
 66, 65,8581,2
 64, 70,8996,2
 68, 64,8720,2
 67, 69,9250,2
 64, 67,8585,2
 66, 67,8845,2
 64, 68,8720,2
 64, 70,8996,2
 68, 64,8720,2
 66, 65,8581,2
 66, 69,9117,2
 64, 69,8857,2
 64, 67,8585,2
 66, 67,8845,2
 67, 64,8585,2
 64, 70,8996,2
 66, 65,8581,2
 66, 69,9117,2
 66, 67,8845,2
 64, 67,8585,2
 64, 68,8720,2
 64, 70,8996,2
 66, 64,8452,2
 67, 64,8585,2
 66, 69,9117,2
 64, 68,8720,2
 67, 68,9113,2
 64, 67,8585,2
 65, 70,9125,2
 67, 65,8714,2
 65, 64,8321,2
 67, 69,9250,2
 64, 69,8857,2
 66, 67,8845,2
 64, 66,8452,2
 64, 70,8996,2
 65, 64,8321,2
 67, 64,8585,2
 66, 70,9256,2
 63, 69,8730,2
 66, 68,8980,2
 64, 67,8585,2
 64, 70,8996,2
 65, 65,8450,2
 67, 64,8585,2
 66, 70,9256,2
 63, 69,8730,2
 66, 67,8845,2
 64, 67,8585,2
 64, 70,8996,2
 65, 64,8321,2
 67, 64,8585,2
 66, 69,9117,2
 64, 69,8857,2
 66, 68,8980,2
 63, 66,8325,2
 65, 70,9125,2
 66, 65,8581,2
 68, 64,8720,2
 66, 70,9256,2
 66, 68,8980,2
 64, 69,8857,2
 64, 66,8452,2
 65, 71,9266,2
 67, 64,8585,2
 66, 65,8581,2
 66, 70,9256,2
 64, 69,8857,2
 66, 68,8980,2
 64, 67,8585,2
 64, 71,9137,2
 68, 64,8720,2
 65, 65,8450,2
 66, 69,9117,2
 64, 69,8857,2
 66, 68,8980,2
 64, 67,8585,2
 65, 71,9266,2
 66, 65,8581,2
 68, 64,8720,2
 67, 68,9113,2
 64, 70,8996,2
 67, 65,8714,2
 66, 68,8980,2
 63, 69,8730,2
 63, 66,8325,2
 65, 66,8581,2
 67, 69,9250,2
 63, 69,8730,2
 65, 67,8714,2
 64, 69,8857,2
 63, 67,8458,2
 68, 64,8720,2
 65, 66,8581,2
 67, 69,9250,2
 66, 68,8980,2
 63, 69,8730,2
 64, 66,8452,2
 64, 69,8857,2
 65, 66,8581,2
 67, 64,8585,2
 67, 69,9250,2
 66, 68,8980,2
 64, 70,8996,2
 63, 69,8730,2
 63, 66,8325,2
 68, 65,8849,2
 66, 66,8712,2
 66, 68,8980,2
 66, 67,8845,2
 63, 69,8730,2
 64, 66,8452,2
 64, 69,8857,2
 65, 66,8581,2
 68, 65,8849,2
 66, 68,8980,2
 67, 68,9113,2
 63, 69,8730,2
 63, 66,8325,2
 64, 69,8857,2
 65, 66,8581,2
 68, 64,8720,2
 67, 69,9250,2
 67, 68,9113,2
 63, 69,8730,2
 64, 66,8452,2
 64, 69,8857,2
 65, 66,8581,2
 67, 65,8714,2
 66, 69,9117,2
 67, 68,9113,2
 63, 69,8730,2
 64, 69,8857,2
 64, 66,8452,2
 65, 66,8581,2
 67, 64,8585,2
 66, 69,9117,2
 67, 68,9113,2
 63, 69,8730,2
 64, 69,8857,2
 65, 66,8581,2
 63, 67,8458,2
 67, 64,8585,2
 66, 69,9117,2
 67, 68,9113,2
 63, 69,8730,2
 64, 67,8585,2
 64, 69,8857,2
 68, 65,8849,2
 64, 65,8321,2
 66, 69,9117,2
 67, 68,9113,2
 63, 69,8730,2
 63, 67,8458,2
 64, 69,8857,2
 68, 65,8849,2
 64, 65,8321,2
 66, 70,9256,2
 66, 68,8980,2
 63, 69,8730,2
 64, 67,8585,2
 64, 69,8857,2
 68, 64,8720,2
 65, 66,8581,2
 66, 70,9256,2
 67, 68,9113,2
 64, 68,8720,2
 63, 69,8730,2
 64, 70,8996,2
 66, 66,8712,2
 68, 64,8720,2
 66, 70,9256,2
 67, 69,9250,2
 64, 69,8857,2
 64, 67,8585,2
 64, 70,8996,2
 67, 66,8845,2
 68, 64,8720,2
 66, 70,9256,2
 64, 67,8585,2
 64, 69,8857,2
 66, 68,8980,2
 65, 70,9125,2
 66, 66,8712,2
 68, 64,8720,2
 66, 70,9256,2
 66, 68,8980,2
 64, 69,8857,2
 64, 67,8585,2
 65, 70,9125,2
 66, 65,8581,2
 67, 64,8585,2
 66, 70,9256,2
 63, 69,8730,2
 67, 68,9113,2
 64, 67,8585,2
 65, 70,9125,2
 66, 65,8581,2
 67, 64,8585,2
 66, 70,9256,2
 63, 69,8730,2
 66, 68,8980,2
 64, 67,8585,2
 64, 70,8996,2
 67, 65,8714,2
 66, 65,8581,2
 66, 70,9256,2
 64, 69,8857,2
 66, 68,8980,2
 64, 67,8585,2
 65, 70,9125,2
 66, 65,8581,2
 67, 65,8714,2
 66, 70,9256,2
 67, 68,9113,2
 64, 68,8720,2
 64, 67,8585,2
 66, 65,8581,2
 64, 70,8996,2
 67, 64,8585,2
 66, 70,9256,2
 66, 68,8980,2
 64, 68,8720,2
 64, 68,8720,2
 66, 66,8712,2
 64, 70,8996,2
 67, 64,8585,2
 66, 70,9256,2
 67, 68,9113,2
 63, 69,8730,2
 65, 67,8714,2
 64, 70,8996,2
 66, 65,8581,2
 68, 64,8720,2
 66, 70,9256,2
 63, 69,8730,2
 66, 67,8845,2
 64, 67,8585,2
 64, 70,8996,2
 67, 66,8845,2
 67, 64,8585,2
 66, 70,9256,2
 63, 69,8730,2
 66, 68,8980,2
 65, 67,8714,2
 64, 70,8996,2
 66, 66,8712,2
 67, 64,8585,2
 66, 69,9117,2
 65, 67,8714,2
 67, 68,9113,2
 63, 69,8730,2
 67, 66,8845,2
 64, 68,8720,2
 67, 64,8585,2
 66, 69,9117,2
 63, 68,8593,2
 67, 68,9113,2
 64, 68,8720,2
 63, 70,8869,2
 66, 65,8581,2
 67, 64,8585,2
 67, 70,9389,2
 63, 68,8593,2
 67, 67,8978,2
 64, 68,8720,2
 67, 65,8714,2
 63, 69,8730,2
 67, 64,8585,2
 66, 69,9117,2
 67, 68,9113,2
 64, 67,8585,2
 63, 68,8593,2
 67, 66,8845,2
 63, 69,8730,2
 67, 64,8585,2
 66, 69,9117,2
 63, 69,8730,2
 67, 68,9113,2
 64, 66,8452,2
 67, 64,8585,2
 64, 69,8857,2
 66, 66,8712,2
 66, 69,9117,2
 64, 68,8720,2
 66, 67,8845,2
 64, 67,8585,2
 64, 70,8996,2
 66, 66,8712,2
 67, 64,8585,2
 66, 69,9117,2
 67, 68,9113,2
 64, 68,8720,2
 64, 67,8585,2
 64, 70,8996,2
 66, 66,8712,2
 67, 63,8458,2
 66, 69,9117,2
 64, 68,8720,2
 67, 68,9113,2
 64, 66,8452,2
 64, 70,8996,2
 66, 66,8712,2
 67, 64,8585,2
 67, 69,9250,2
 63, 69,8730,2
 67, 68,9113,2
 64, 66,8452,2
 64, 70,8996,2
 66, 66,8712,2
 67, 64,8585,2
 66, 69,9117,2
 64, 68,8720,2
 67, 68,9113,2
 64, 67,8585,2
 64, 69,8857,2
 65, 65,8450,2
 67, 64,8585,2
 66, 69,9117,2
 63, 68,8593,2
 67, 68,9113,2
 64, 67,8585,2
 64, 69,8857,2
 65, 66,8581,2
 67, 64,8585,2
 66, 69,9117,2
 63, 68,8593,2
 64, 67,8585,2
 67, 68,9113,2
 64, 70,8996,2
 65, 66,8581,2
 67, 64,8585,2
 66, 69,9117,2
 67, 68,9113,2
 64, 69,8857,2
 63, 70,8869,2
 68, 65,8849,2
 63, 67,8458,2
 66, 65,8581,2
 66, 69,9117,2
 66, 67,8845,2
 64, 69,8857,2
 64, 67,8585,2
 63, 70,8869,2
 67, 65,8714,2
 65, 65,8450,2
 66, 69,9117,2
 67, 68,9113,2
 63, 69,8730,2
 63, 67,8458,2
 63, 70,8869,2
 67, 65,8714,2
 65, 65,8450,2
 66, 69,9117,2
 67, 68,9113,2
 64, 69,8857,2
 63, 67,8458,2
 64, 70,8996,2
 68, 66,8980,2
 66, 66,8712,2
 66, 69,9117,2
 67, 68,9113,2
 63, 68,8593,2
 64, 70,8996,2
 66, 66,8712,2
 64, 68,8720,2
 68, 65,8849,2
 66, 69,9117,2
 63, 68,8593,2
 66, 68,8980,2
 64, 70,8996,2
 64, 66,8452,2
 67, 65,8714,2
 66, 65,8581,2
 66, 69,9117,2
 63, 68,8593,2
 66, 68,8980,2
 64, 70,8996,2
 64, 67,8585,2
 66, 65,8581,2
 67, 65,8714,2
 66, 69,9117,2
 63, 69,8730,2
 64, 70,8996,2
 66, 68,8980,2
 64, 67,8585,2
 66, 65,8581,2
 67, 64,8585,2
 66, 69,9117,2
 64, 69,8857,2
 66, 68,8980,2
 64, 70,8996,2
 64, 67,8585,2
 66, 65,8581,2
 68, 65,8849,2
 66, 69,9117,2
 64, 69,8857,2
 66, 68,8980,2
 64, 70,8996,2
 64, 67,8585,2
 66, 65,8581,2
 67, 64,8585,2
 66, 69,9117,2
 64, 69,8857,2
 66, 68,8980,2
 64, 67,8585,2
 64, 70,8996,2
 66, 65,8581,2
 67, 64,8585,2
 66, 69,9117,2
 64, 69,8857,2
 66, 68,8980,2
 63, 67,8458,2
 64, 69,8857,2
 67, 65,8714,2
 66, 65,8581,2
 66, 69,9117,2
 63, 69,8730,2
 64, 67,8585,2
 65, 67,8714,2
 64, 69,8857,2
 67, 65,8714,2
 66, 66,8712,2
 66, 69,9117,2
 63, 69,8730,2
 65, 67,8714,2
 66, 66,8712,2
 64, 69,8857,2
 67, 66,8845,2
 63, 67,8458,2
 66, 70,9256,2
 64, 69,8857,2
 66, 67,8845,2
 64, 69,8857,2
 66, 65,8581,2
 67, 65,8714,2
 63, 67,8458,2
 66, 69,9117,2
 64, 68,8720,2
 66, 68,8980,2
 64, 69,8857,2
 66, 65,8581,2
 63, 66,8325,2
 66, 64,8452,2
 66, 69,9117,2
 64, 68,8720,2
 65, 68,8849,2
 66, 65,8581,2
 64, 67,8585,2
 64, 69,8857,2
 67, 65,8714,2
 66, 69,9117,2
 64, 69,8857,2
 66, 68,8980,2
 66, 66,8712,2
 64, 67,8585,2
 64, 70,8996,2
 67, 65,8714,2
 66, 69,9117,2
 66, 67,8845,2
 64, 68,8720,2
 67, 66,8845,2
 64, 70,8996,2
 63, 66,8325,2
 67, 65,8714,2
 67, 69,9250,2
 66, 68,8980,2
 64, 68,8720,2
 67, 66,8845,2
 64, 70,8996,2
 64, 66,8452,2
 66, 64,8452,2
 67, 69,9250,2
 64, 69,8857,2
 66, 68,8980,2
 66, 66,8712,2
 64, 67,8585,2
 64, 70,8996,2
 67, 65,8714,2
 67, 69,9250,2
 64, 68,8720,2
 66, 67,8845,2
 66, 66,8712,2
 63, 67,8458,2
 64, 70,8996,2
 67, 65,8714,2
 67, 70,9389,2
 64, 68,8720,2
 66, 67,8845,2
 64, 67,8585,2
 64, 70,8996,2
 66, 66,8712,2
 67, 64,8585,2
 67, 69,9250,2
 63, 68,8593,2
 66, 68,8980,2
 64, 70,8996,2
 63, 66,8325,2
 66, 66,8712,2
 67, 64,8585,2
 66, 70,9256,2
 63, 69,8730,2
 66, 68,8980,2
 63, 68,8593,2
 63, 69,8730,2
 67, 64,8585,2
 66, 66,8712,2
 66, 69,9117,2
 67, 68,9113,2
 63, 69,8730,2
 63, 69,8730,2
 63, 67,8458,2
 67, 65,8714,2
 65, 65,8450,2
 66, 69,9117,2
 64, 69,8857,2
 67, 68,9113,2
 64, 67,8585,2
 64, 70,8996,2
 66, 66,8712,2
 67, 64,8585,2
 66, 70,9256,2
 63, 69,8730,2
 66, 68,8980,2
 64, 67,8585,2
 64, 69,8857,2
 66, 66,8712,2
 67, 64,8585,2
 66, 69,9117,2
 64, 67,8585,2
 66, 68,8980,2
 63, 69,8730,2
 63, 69,8730,2
 67, 65,8714,2
 66, 65,8581,2
 66, 69,9117,2
 64, 67,8585,2
 66, 67,8845,2
 63, 69,8730,2
 64, 69,8857,2
 66, 65,8581,2
 67, 65,8714,2
 66, 69,9117,2
 63, 69,8730,2
 67, 67,8978,2
 64, 70,8996,2
 64, 67,8585,2
 66, 66,8712,2
 67, 64,8585,2
 66, 69,9117,2
 67, 68,9113,2
 64, 67,8585,2
 63, 69,8730,2
 67, 66,8845,2
 64, 70,8996,2
 67, 65,8714,2
 66, 69,9117,2
 63, 69,8730,2
 66, 67,8845,2
 64, 68,8720,2
 67, 65,8714,2
 64, 70,8996,2
 67, 64,8585,2
 66, 69,9117,2
 67, 67,8978,2
 63, 69,8730,2
 64, 70,8996,2
 64, 68,8720,2
 67, 66,8845,2
 67, 65,8714,2
 67, 70,9389,2
 64, 69,8857,2
 66, 67,8845,2
 64, 67,8585,2
 64, 70,8996,2
 66, 65,8581,2
 68, 65,8849,2
 66, 70,9256,2
 63, 69,8730,2
 67, 68,9113,2
 64, 67,8585,2
 64, 70,8996,2
 66, 65,8581,2
 68, 65,8849,2
 67, 70,9389,2
 63, 69,8730,2
 66, 69,9117,2
 64, 67,8585,2
 68, 65,8849,2
 64, 69,8857,2
 66, 66,8712,2
 67, 70,9389,2
 63, 69,8730,2
 65, 68,8849,2
 64, 69,8857,2
 64, 67,8585,2
 67, 65,8714,2
 65, 65,8450,2
 67, 70,9389,2
 64, 68,8720,2
 66, 68,8980,2
 64, 67,8585,2
 67, 65,8714,2
 64, 69,8857,2
 65, 66,8581,2
 67, 70,9389,2
 63, 69,8730,2
 66, 68,8980,2
 64, 70,8996,2
 63, 67,8458,2
 68, 65,8849,2
 66, 66,8712,2
 67, 69,9250,2
 63, 68,8593,2
 66, 67,8845,2
 67, 65,8714,2
 64, 69,8857,2
 63, 67,8458,2
 65, 65,8450,2
 66, 69,9117,2
 63, 68,8593,2
 66, 67,8845,2
 68, 65,8849,2
 63, 66,8325,2
 64, 70,8996,2
 65, 65,8450,2
 66, 69,9117,2
 66, 67,8845,2
 63, 68,8593,2
 67, 64,8585,2
 63, 67,8458,2
 63, 70,8869,2
 66, 65,8581,2
 66, 69,9117,2
 63, 68,8593,2
 65, 67,8714,2
 63, 66,8325,2
 67, 65,8714,2
 63, 70,8869,2
 66, 65,8581,2
 66, 69,9117,2
 63, 68,8593,2
 66, 67,8845,2
 63, 70,8869,2
 63, 67,8458,2
 65, 65,8450,2
 67, 64,8585,2
 66, 69,9117,2
 63, 69,8730,2
 66, 67,8845,2
 64, 67,8585,2
 64, 70,8996,2
 65, 65,8450,2
 67, 64,8585,2
 66, 69,9117,2
 63, 68,8593,2
 66, 67,8845,2
 64, 67,8585,2
 63, 70,8869,2
 66, 65,8581,2
 67, 64,8585,2
 66, 69,9117,2
 63, 68,8593,2
 66, 67,8845,2
 64, 67,8585,2
 63, 70,8869,2
 67, 64,8585,2
 65, 65,8450,2
 66, 70,9256,2
 63, 68,8593,2
 66, 68,8980,2
 63, 67,8458,2
 64, 70,8996,2
 67, 66,8845,2
 67, 66,8845,2
 67, 70,9389,2
 66, 68,8980,2
 63, 69,8730,2
 64, 70,8996,2
 64, 68,8720,2
 66, 66,8712,2
 68, 65,8849,2
 66, 70,9256,2
 64, 67,8585,2
 63, 68,8593,2
 66, 68,8980,2
 64, 70,8996,2
 65, 66,8581,2
 67, 65,8714,2
 66, 69,9117,2
 66, 68,8980,2
 63, 68,8593,2
 64, 67,8585,2
 64, 70,8996,2
 65, 65,8450,2
 68, 64,8720,2
 66, 69,9117,2
 64, 66,8452,2
 67, 68,9113,2
 63, 68,8593,2
 65, 69,8986,2
 65, 65,8450,2
 68, 65,8849,2
 66, 69,9117,2
 63, 67,8458,2
 66, 68,8980,2
 63, 68,8593,2
 64, 70,8996,2
 66, 66,8712,2
 68, 65,8849,2
 67, 69,9250,2
 67, 68,9113,2
 64, 66,8452,2
 63, 68,8593,2
 66, 66,8712,2
 64, 70,8996,2
 68, 65,8849,2
 66, 69,9117,2
 67, 68,9113,2
 64, 68,8720,2
 64, 67,8585,2
 66, 65,8581,2
 64, 70,8996,2
 68, 65,8849,2
 66, 70,9256,2
 64, 68,8720,2
 67, 68,9113,2
 64, 67,8585,2
 66, 65,8581,2
 64, 69,8857,2
 67, 65,8714,2
 66, 69,9117,2
 64, 68,8720,2
 64, 67,8585,2
 67, 67,8978,2
 64, 70,8996,2
 67, 65,8714,2
 66, 66,8712,2
 66, 69,9117,2
 64, 68,8720,2
 66, 67,8845,2
 63, 67,8458,2
 66, 65,8581,2
 64, 70,8996,2
 67, 65,8714,2
 66, 69,9117,2
 64, 68,8720,2
 67, 68,9113,2
 64, 67,8585,2
 67, 66,8845,2
 64, 70,8996,2
 67, 65,8714,2
 66, 69,9117,2
 65, 67,8714,2
 66, 68,8980,2
 65, 69,8986,2
 63, 68,8593,2
 66, 66,8712,2
 68, 64,8720,2
 66, 70,9256,2
 67, 68,9113,2
 63, 68,8593,2
 65, 68,8849,2
 65, 69,8986,2
 67, 66,8845,2
 68, 64,8720,2
 66, 70,9256,2
 63, 68,8593,2
 66, 67,8845,2
 64, 69,8857,2
 67, 66,8845,2
 64, 67,8585,2
 68, 64,8720,2
 66, 69,9117,2
 63, 68,8593,2
 66, 67,8845,2
 64, 69,8857,2
 64, 67,8585,2
 66, 65,8581,2
 68, 64,8720,2
 66, 69,9117,2
 63, 69,8730,2
 66, 66,8712,2
 63, 67,8458,2
 64, 69,8857,2
 67, 65,8714,2
 66, 65,8581,2
 67, 69,9250,2
 64, 67,8585,2
 63, 69,8730,2
 66, 67,8845,2
 64, 68,8720,2
 66, 65,8581,2
 68, 64,8720,2
 67, 69,9250,2
 63, 69,8730,2
 64, 67,8585,2
 66, 68,8980,2
 64, 69,8857,2
 65, 66,8581,2
 68, 64,8720,2
 67, 69,9250,2
 63, 69,8730,2
 64, 67,8585,2
 66, 66,8712,2
 66, 68,8980,2
 64, 68,8720,2
 68, 65,8849,2
 67, 69,9250,2
 63, 69,8730,2
 64, 67,8585,2
 66, 67,8845,2
 66, 66,8712,2
 64, 69,8857,2
 67, 65,8714,2
 66, 69,9117,2
 63, 69,8730,2
 64, 67,8585,2
 66, 68,8980,2
 64, 68,8720,2
 66, 66,8712,2
 68, 65,8849,2
 67, 69,9250,2
 64, 69,8857,2
 64, 67,8585,2
 66, 67,8845,2
 65, 69,8986,2
 66, 66,8712,2
 67, 65,8714,2
 66, 69,9117,2
 66, 67,8845,2
 63, 69,8730,2
 64, 69,8857,2
 64, 67,8585,2
 67, 64,8585,2
 66, 66,8712,2
 67, 70,9389,2
 64, 68,8720,2
 67, 69,9250,2
 64, 68,8720,2
 64, 69,8857,2
 67, 64,8585,2
 66, 64,8452,2
 66, 69,9117,2
 64, 68,8720,2
 67, 68,9113,2
 64, 68,8720,2
 64, 69,8857,2
 66, 65,8581,2
 68, 64,8720,2
 66, 69,9117,2
 68, 68,9248,2
 63, 68,8593,2
 64, 69,8857,2
 64, 68,8720,2
 66, 65,8581,2
 68, 65,8849,2
 66, 69,9117,2
 68, 68,9248,2
 63, 68,8593,2
 63, 66,8325,2
 64, 70,8996,2
 66, 66,8712,2
 68, 65,8849,2
 66, 70,9256,2
 68, 69,9385,2
 64, 67,8585,2
 63, 68,8593,2
 63, 69,8730,2
 65, 65,8450,2
 68, 65,8849,2
 66, 70,9256,2
 67, 69,9250,2
 63, 68,8593,2
 64, 66,8452,2
 64, 70,8996,2
 67, 65,8714,2
 65, 65,8450,2
 66, 70,9256,2
 67, 68,9113,2
 63, 68,8593,2
 65, 66,8581,2
 64, 70,8996,2
 67, 64,8585,2
 65, 65,8450,2
 66, 70,9256,2
 68, 69,9385,2
 63, 69,8730,2
 64, 67,8585,2
 64, 70,8996,2
 67, 65,8714,2
 65, 66,8581,2
 66, 70,9256,2
 68, 69,9385,2
 63, 69,8730,2
 64, 67,8585,2
 64, 70,8996,2
 67, 65,8714,2
 65, 65,8450,2
 66, 70,9256,2
 67, 69,9250,2
 64, 66,8452,2
 63, 69,8730,2
 64, 70,8996,2
 67, 65,8714,2
 65, 65,8450,2
 66, 70,9256,2
 67, 68,9113,2
 64, 67,8585,2
 63, 68,8593,2
 64, 70,8996,2
 67, 65,8714,2
 65, 65,8450,2
 66, 70,9256,2
 64, 67,8585,2
 67, 69,9250,2
 63, 69,8730,2
 64, 70,8996,2
 65, 66,8581,2
 67, 65,8714,2
 66, 70,9256,2
 64, 69,8857,2
 66, 68,8980,2
 64, 67,8585,2
 64, 69,8857,2
 68, 64,8720,2
 65, 65,8450,2
 66, 70,9256,2
 63, 69,8730,2
 66, 68,8980,2
 64, 66,8452,2
 64, 69,8857,2
 68, 65,8849,2
 66, 65,8581,2
 66, 69,9117,2
 66, 68,8980,2
 63, 69,8730,2
 64, 66,8452,2
 64, 69,8857,2
 67, 65,8714,2
 66, 65,8581,2
 66, 70,9256,2
 67, 68,9113,2
 63, 69,8730,2
 64, 66,8452,2
 65, 69,8986,2
 66, 66,8712,2
 68, 64,8720,2
 67, 70,9389,2
 64, 68,8720,2
 66, 68,8980,2
 64, 66,8452,2
 65, 70,9125,2
 66, 66,8712,2
 68, 64,8720,2
 66, 70,9256,2
 64, 69,8857,2
 66, 68,8980,2
 64, 67,8585,2
 65, 70,9125,2
 66, 66,8712,2
 67, 64,8585,2
 66, 70,9256,2
 63, 69,8730,2
 66, 68,8980,2
 64, 70,8996,2
 64, 67,8585,2
 66, 66,8712,2
 68, 64,8720,2
 67, 69,9250,2
 64, 69,8857,2
 66, 68,8980,2
 64, 67,8585,2
 65, 70,9125,2
 66, 66,8712,2
 68, 64,8720,2
 67, 69,9250,2
 63, 69,8730,2
 66, 68,8980,2
 65, 67,8714,2
 65, 70,9125,2
 66, 66,8712,2
 68, 64,8720,2
 67, 70,9389,2
 63, 69,8730,2
 65, 67,8714,2
 66, 68,8980,2
 65, 70,9125,2
 66, 66,8712,2
 67, 64,8585,2
 67, 70,9389,2
 63, 69,8730,2
 66, 68,8980,2
 65, 67,8714,2
 65, 70,9125,2
 66, 66,8712,2
 68, 64,8720,2
 67, 69,9250,2
 64, 69,8857,2
 66, 67,8845,2
 65, 70,9125,2
 64, 66,8452,2
 66, 65,8581,2
 67, 64,8585,2
 66, 68,8980,2
 64, 67,8585,2
 67, 68,9113,2
 63, 68,8593,2
 63, 69,8730,2
 67, 65,8714,2
 67, 67,8978,2
 66, 69,9117,2
 67, 68,9113,2
 63, 68,8593,2
 64, 67,8585,2
 64, 69,8857,2
 67, 66,8845,2
 67, 65,8714,2
 66, 69,9117,2
 67, 68,9113,2
 63, 68,8593,2
 64, 67,8585,2
 64, 70,8996,2
 67, 65,8714,2
 66, 65,8581,2
 66, 69,9117,2
 67, 68,9113,2
 63, 68,8593,2
 64, 67,8585,2
 64, 69,8857,2
 66, 65,8581,2
 68, 66,8980,2
 66, 69,9117,2
 67, 67,8978,2
 63, 68,8593,2
 64, 70,8996,2
 64, 67,8585,2
 67, 66,8845,2
 66, 65,8581,2
 66, 69,9117,2
 67, 68,9113,2
 63, 68,8593,2
 66, 66,8712,2
 64, 70,8996,2
 64, 67,8585,2
 67, 65,8714,2
 66, 69,9117,2
 67, 68,9113,2
 63, 69,8730,2
 66, 66,8712,2
 64, 70,8996,2
 67, 65,8714,2
 64, 67,8585,2
 66, 69,9117,2
 63, 69,8730,2
 67, 68,9113,2
 64, 70,8996,2
 64, 66,8452,2
 65, 66,8581,2
 67, 65,8714,2
 66, 69,9117,2
 64, 69,8857,2
 66, 68,8980,2
 64, 67,8585,2
 64, 70,8996,2
 66, 66,8712,2
 67, 65,8714,2
 67, 69,9250,2
 63, 69,8730,2
 67, 67,8978,2
 64, 70,8996,2
 64, 66,8452,2
 66, 65,8581,2
 67, 64,8585,2
 66, 70,9256,2
 63, 69,8730,2
 67, 67,8978,2
 64, 70,8996,2
 66, 66,8712,2
 67, 64,8585,2
 64, 67,8585,2
 66, 69,9117,2
 63, 68,8593,2
 66, 67,8845,2
 66, 66,8712,2
 64, 70,8996,2
 64, 67,8585,2
 67, 65,8714,2
 66, 69,9117,2
 64, 68,8720,2
 66, 68,8980,2
 64, 67,8585,2
 67, 65,8714,2
 64, 69,8857,2
 66, 65,8581,2
 66, 70,9256,2
 64, 68,8720,2
 63, 67,8458,2
 66, 67,8845,2
 64, 69,8857,2
 66, 65,8581,2
 67, 64,8585,2
 66, 70,9256,2
 64, 68,8720,2
 64, 67,8585,2
 66, 67,8845,2
 65, 69,8986,2
 66, 66,8712,2
 66, 64,8452,2
 66, 69,9117,2
 64, 68,8720,2
 66, 67,8845,2
 64, 69,8857,2
 64, 67,8585,2
 67, 65,8714,2
 66, 65,8581,2
 66, 69,9117,2
 64, 69,8857,2
 66, 67,8845,2
 65, 69,8986,2
 64, 67,8585,2
 67, 65,8714,2
 67, 66,8845,2
 66, 69,9117,2
 64, 68,8720,2
 66, 67,8845,2
 63, 67,8458,2
 65, 69,8986,2
 67, 65,8714,2
 66, 65,8581,2
 66, 69,9117,2
 63, 68,8593,2
 65, 69,8986,2
 66, 67,8845,2
 64, 67,8585,2
 67, 65,8714,2
 66, 65,8581,2
 66, 69,9117,2
 63, 68,8593,2
 67, 67,8978,2
 65, 69,8986,2
 64, 66,8452,2
 67, 66,8845,2
 67, 65,8714,2
 67, 69,9250,2
 63, 68,8593,2
 67, 67,8978,2
 65, 69,8986,2
 64, 67,8585,2
 66, 65,8581,2
 66, 64,8452,2
 66, 70,9256,2
 67, 68,9113,2
 63, 69,8730,2
 64, 67,8585,2
 65, 68,8849,2
 67, 66,8845,2
 67, 64,8585,2
 67, 70,9389,2
 67, 68,9113,2
 63, 68,8593,2
 64, 67,8585,2
 65, 69,8986,2
 67, 66,8845,2
 67, 64,8585,2
 66, 70,9256,2
 63, 69,8730,2
 67, 68,9113,2
 64, 66,8452,2
 65, 69,8986,2
 66, 66,8712,2
 67, 64,8585,2
 66, 69,9117,2
 63, 69,8730,2
 67, 68,9113,2
 64, 69,8857,2
 64, 67,8585,2
 66, 66,8712,2
 67, 64,8585,2
 66, 69,9117,2
 64, 69,8857,2
 67, 67,8978,2
 64, 67,8585,2
 64, 69,8857,2
 66, 65,8581,2
 67, 64,8585,2
 66, 70,9256,2
 64, 69,8857,2
 67, 67,8978,2
 64, 67,8585,2
 64, 69,8857,2
 66, 65,8581,2
 67, 64,8585,2
 66, 69,9117,2
 64, 69,8857,2
 66, 67,8845,2
 64, 68,8720,2
 64, 67,8585,2
 67, 64,8585,2
 67, 66,8845,2
 66, 69,9117,2
 64, 69,8857,2
 67, 68,9113,2
 64, 69,8857,2
 63, 67,8458,2
 67, 65,8714,2
 67, 64,8585,2
 66, 69,9117,2
 64, 69,8857,2
 67, 68,9113,2
 64, 69,8857,2
 64, 67,8585,2
 68, 65,8849,2
 66, 65,8581,2
 66, 69,9117,2
 64, 69,8857,2
 67, 68,9113,2
 64, 67,8585,2
 68, 65,8849,2
 64, 70,8996,2
 66, 65,8581,2
 66, 70,9256,2
 64, 69,8857,2
 65, 67,8714,2
 66, 67,8845,2
 64, 69,8857,2
 66, 65,8581,2
 68, 64,8720,2
 66, 70,9256,2
 64, 69,8857,2
 66, 67,8845,2
 64, 67,8585,2
 67, 65,8714,2
 65, 70,9125,2
 66, 65,8581,2
 66, 69,9117,2
 64, 69,8857,2
 66, 67,8845,2
 64, 67,8585,2
 64, 70,8996,2
 67, 65,8714,2
 66, 65,8581,2
 66, 69,9117,2
 64, 69,8857,2
 67, 67,8978,2
 68, 65,8849,2
 64, 67,8585,2
 64, 70,8996,2
 66, 64,8452,2
 66, 69,9117,2
 64, 69,8857,2
 67, 68,9113,2
 64, 67,8585,2
 65, 70,9125,2
 66, 66,8712,2
 67, 65,8714,2
 66, 70,9256,2
 66, 68,8980,2
 63, 68,8593,2
 65, 70,9125,2
 67, 64,8585,2
 65, 68,8849,2
 66, 66,8712,2
 66, 70,9256,2
 66, 68,8980,2
 64, 68,8720,2
 65, 70,9125,2
 65, 68,8849,2
 68, 65,8849,2
 66, 65,8581,2
 66, 70,9256,2
 63, 68,8593,2
 65, 67,8714,2
 65, 68,8849,2
 65, 70,9125,2
 68, 65,8849,2
 65, 65,8450,2
 66, 70,9256,2
 64, 68,8720,2
 66, 67,8845,2
 65, 68,8849,2
 64, 71,9137,2
 68, 65,8849,2
 66, 66,8712,2
 67, 70,9389,2
 64, 68,8720,2
 66, 67,8845,2
 65, 71,9266,2
 64, 68,8720,2
 68, 65,8849,2
 66, 66,8712,2
 66, 69,9117,2
 64, 68,8720,2
 67, 67,8978,2
 64, 71,9137,2
 63, 67,8458,2
 66, 66,8712,2
 67, 65,8714,2
 67, 70,9389,2
 63, 68,8593,2
 63, 67,8458,2
 64, 71,9137,2
 66, 67,8845,2
 66, 66,8712,2
 68, 65,8849,2
 66, 69,9117,2
 63, 68,8593,2
 66, 67,8845,2
 64, 67,8585,2
 64, 70,8996,2
 67, 66,8845,2
 67, 64,8585,2
 66, 70,9256,2
 63, 68,8593,2
 65, 67,8714,2
 64, 70,8996,2
 65, 67,8714,2
 67, 65,8714,2
 67, 64,8585,2
 67, 70,9389,2
 66, 68,8980,2
 63, 68,8593,2
 64, 68,8720,2
 64, 70,8996,2
 66, 65,8581,2
 68, 64,8720,2
 67, 70,9389,2
 64, 67,8585,2
 63, 68,8593,2
 66, 68,8980,2
 65, 70,9125,2
 66, 65,8581,2
 68, 64,8720,2
 66, 69,9117,2
 64, 68,8720,2
 64, 67,8585,2
 66, 67,8845,2
 64, 70,8996,2
 67, 65,8714,2
 67, 64,8585,2
 66, 69,9117,2
 64, 69,8857,2
 66, 67,8845,2
 63, 67,8458,2
 63, 69,8730,2
 66, 65,8581,2
 68, 64,8720,2
 67, 70,9389,2
 64, 69,8857,2
 66, 67,8845,2
 63, 67,8458,2
 64, 70,8996,2
 66, 65,8581,2
 68, 64,8720,2
 66, 70,9256,2
 64, 69,8857,2
 67, 68,9113,2
 64, 67,8585,2
 64, 70,8996,2
 66, 65,8581,2
 68, 65,8849,2
 66, 70,9256,2
 63, 69,8730,2
 65, 67,8714,2
 67, 68,9113,2
 64, 70,8996,2
 66, 65,8581,2
 68, 64,8720,2
 66, 70,9256,2
 63, 69,8730,2
 67, 68,9113,2
 65, 67,8714,2
 64, 70,8996,2
 66, 65,8581,2
 67, 64,8585,2
 66, 70,9256,2
 63, 69,8730,2
 67, 67,8978,2
 65, 68,8849,2
 64, 70,8996,2
 66, 65,8581,2
 68, 64,8720,2
 66, 70,9256,2
 67, 67,8978,2
 63, 69,8730,2
 64, 69,8857,2
 65, 68,8849,2
 68, 65,8849,2
 66, 65,8581,2
 66, 70,9256,2
 63, 68,8593,2
 66, 67,8845,2
 64, 70,8996,2
 65, 69,8986,2
 66, 65,8581,2
 67, 64,8585,2
 66, 69,9117,2
 63, 69,8730,2
 66, 67,8845,2
 65, 68,8849,2
 64, 69,8857,2
 66, 65,8581,2
 68, 64,8720,2
 66, 69,9117,2
 67, 68,9113,2
 63, 69,8730,2
 64, 68,8720,2
 64, 69,8857,2
 66, 65,8581,2
 68, 64,8720,2
 66, 69,9117,2
 64, 69,8857,2
 67, 67,8978,2
 64, 68,8720,2
 65, 69,8986,2
 66, 65,8581,2
 68, 64,8720,2
 66, 69,9117,2
 63, 69,8730,2
 67, 68,9113,2
 64, 68,8720,2
 64, 69,8857,2
 66, 66,8712,2
 68, 64,8720,2
 66, 69,9117,2
 68, 68,9248,2
 63, 68,8593,2
 64, 69,8857,2
 67, 65,8714,2
 64, 68,8720,2
 66, 64,8452,2
 66, 69,9117,2
 68, 68,9248,2
 63, 68,8593,2
 64, 69,8857,2
 64, 67,8585,2
 67, 64,8585,2
 66, 64,8452,2
 66, 69,9117,2
 67, 69,9250,2
 63, 68,8593,2
 64, 70,8996,2
 64, 68,8720,2
 67, 64,8585,2
 65, 65,8450,2
 66, 69,9117,2
 63, 68,8593,2
 67, 68,9113,2
 64, 69,8857,2
 63, 67,8458,2
 66, 65,8581,2
 67, 64,8585,2
 66, 70,9256,2
 67, 68,9113,2
 63, 68,8593,2
 64, 69,8857,2
 64, 68,8720,2
 68, 64,8720,2
 66, 65,8581,2
 66, 70,9256,2
 67, 68,9113,2
 64, 69,8857,2
 63, 68,8593,2
 64, 68,8720,2
 66, 66,8712,2
 68, 64,8720,2
 65, 69,8986,2
 67, 68,9113,2
 63, 68,8593,2
 64, 69,8857,2
 64, 68,8720,2
 68, 64,8720,2
 66, 65,8581,2
 66, 69,9117,2
 67, 67,8978,2
 63, 68,8593,2
 64, 69,8857,2
 67, 64,8585,2
 64, 68,8720,2
 66, 65,8581,2
 66, 69,9117,2
 67, 67,8978,2
 63, 68,8593,2
 64, 70,8996,2
 68, 64,8720,2
 63, 68,8593,2
 66, 65,8581,2
 66, 69,9117,2
 64, 69,8857,2
 66, 68,8980,2
 64, 70,8996,2
 67, 64,8585,2
 63, 67,8458,2
 66, 65,8581,2
 66, 69,9117,2
 66, 68,8980,2
 63, 68,8593,2
 64, 70,8996,2
 64, 67,8585,2
 67, 64,8585,2
 66, 65,8581,2
 66, 70,9256,2
 66, 67,8845,2
 63, 68,8593,2
 64, 69,8857,2
 63, 67,8458,2
 67, 64,8585,2
 65, 65,8450,2
 66, 70,9256,2
 66, 68,8980,2
 64, 68,8720,2
 63, 68,8593,2
 65, 69,8986,2
 68, 65,8849,2
 66, 65,8581,2
 67, 69,9250,2
 66, 67,8845,2
 63, 68,8593,2
 64, 67,8585,2
 65, 70,9125,2
 68, 65,8849,2
 65, 65,8450,2
 67, 69,9250,2
 63, 68,8593,2
 68, 66,8980,2
 66, 67,8845,2
 64, 67,8585,2
 64, 70,8996,2
 66, 65,8581,2
 67, 69,9250,2
 63, 68,8593,2
 66, 67,8845,2
 64, 67,8585,2
 64, 70,8996,2
 66, 65,8581,2
 68, 65,8849,2
 67, 70,9389,2
 63, 68,8593,2
 66, 67,8845,2
 64, 68,8720,2
 64, 70,8996,2
 66, 65,8581,2
 68, 65,8849,2
 67, 69,9250,2
 63, 68,8593,2
 67, 66,8845,2
 65, 67,8714,2
 64, 70,8996,2
 64, 68,8720,2
 67, 64,8585,2
 66, 70,9256,2
 63, 68,8593,2
 66, 67,8845,2
 64, 70,8996,2
 66, 65,8581,2
 64, 68,8720,2
 67, 65,8714,2
 66, 70,9256,2
 63, 68,8593,2
 66, 67,8845,2
 64, 70,8996,2
 68, 65,8849,2
 64, 68,8720,2
 66, 66,8712,2
 66, 69,9117,2
 63, 68,8593,2
 66, 67,8845,2
 64, 68,8720,2
 65, 70,9125,2
 66, 66,8712,2
 67, 65,8714,2
 66, 70,9256,2
 63, 68,8593,2
 66, 67,8845,2
 66, 66,8712,2
 65, 70,9125,2
 64, 68,8720,2
 67, 64,8585,2
 66, 69,9117,2
 63, 68,8593,2
 66, 67,8845,2
 66, 65,8581,2
 65, 70,9125,2
 64, 68,8720,2
 67, 64,8585,2
 66, 70,9256,2
 63, 68,8593,2
 67, 67,8978,2
 64, 68,8720,2
 65, 69,8986,2
 67, 65,8714,2
 66, 66,8712,2
 66, 70,9256,2
 64, 67,8585,2
 63, 69,8730,2
 66, 67,8845,2
 67, 65,8714,2
 66, 65,8581,2
 64, 69,8857,2
 66, 69,9117,2
 63, 68,8593,2
 65, 66,8581,2
 67, 65,8714,2
 65, 68,8849,2
 66, 65,8581,2
 63, 69,8730,2
 66, 69,9117,2
 63, 69,8730,2
 64, 68,8720,2
 66, 67,8845,2
 64, 69,8857,2
 67, 65,8714,2
 65, 65,8450,2
 66, 70,9256,2
 66, 68,8980,2
 64, 67,8585,2
 63, 68,8593,2
 63, 69,8730,2
 67, 65,8714,2
 65, 65,8450,2
 66, 70,9256,2
 66, 68,8980,2
 65, 67,8714,2
 63, 68,8593,2
 67, 65,8714,2
 64, 69,8857,2
 65, 65,8450,2
 66, 70,9256,2
 66, 67,8845,2
 63, 68,8593,2
 65, 67,8714,2
 66, 65,8581,2
 64, 69,8857,2
 67, 65,8714,2
 66, 69,9117,2
 64, 68,8720,2
 66, 67,8845,2
 67, 66,8845,2
 65, 67,8714,2
 64, 69,8857,2
 67, 65,8714,2
 66, 69,9117,2
 64, 69,8857,2
 66, 67,8845,2
 64, 70,8996,2
 64, 67,8585,2
 67, 65,8714,2
 66, 64,8452,2
 67, 69,9250,2
 64, 69,8857,2
 66, 67,8845,2
 65, 69,8986,2
 64, 67,8585,2
 67, 65,8714,2
 66, 65,8581,2
 67, 69,9250,2
 66, 67,8845,2
 63, 69,8730,2
 64, 69,8857,2
 64, 67,8585,2
 66, 65,8581,2
 66, 65,8581,2
 67, 69,9250,2
 63, 69,8730,2
 66, 67,8845,2
 64, 70,8996,2
 64, 67,8585,2
 66, 65,8581,2
 66, 65,8581,2
 66, 69,9117,2
 63, 69,8730,2
 67, 67,8978,2
 64, 68,8720,2
 64, 70,8996,2
 66, 65,8581,2
 67, 65,8714,2
 67, 69,9250,2
 67, 67,8978,2
 65, 70,9125,2
 64, 68,8720,2
 63, 68,8593,2
 68, 64,8720,2
 66, 65,8581,2
 67, 69,9250,2
 65, 70,9125,2
 66, 68,8980,2
 64, 69,8857,2
 63, 67,8458,2
 66, 65,8581,2
 67, 64,8585,2
 67, 69,9250,2
 66, 68,8980,2
 64, 69,8857,2
 65, 70,9125,2
 68, 65,8849,2
 63, 67,8458,2
 66, 66,8712,2
 52, 54,5620,3
 54, 59,6397,3
 60, 56,6736,3
 53, 61,6530,3
 55, 56,6161,3
 52, 54,5620,3
 55, 59,6506,3
 57, 57,6498,3
 60, 55,6625,3
 53, 61,6530,3
 54, 59,6397,3
 51, 54,5517,3
 56, 56,6272,3
 61, 55,6746,3
 54, 61,6637,3
 54, 59,6397,3
 51, 53,5410,3
 59, 56,6617,3
 53, 61,6530,3
 55, 56,6161,3
 54, 58,6280,3
 51, 54,5517,3
 54, 61,6637,3
 59, 56,6617,3
 55, 56,6161,3
 53, 59,6290,3
 51, 53,5410,3
 55, 55,6050,3
 54, 61,6637,3
 60, 55,6625,3
 54, 59,6397,3
 51, 53,5410,3
 55, 55,6050,3
 59, 55,6506,3
 54, 61,6637,3
 54, 58,6280,3
 51, 53,5410,3
 60, 55,6625,3
 56, 56,6272,3
 54, 61,6637,3
 54, 58,6280,3
 51, 53,5410,3
 58, 57,6613,3
 59, 56,6617,3
 53, 61,6530,3
 55, 58,6389,3
 51, 53,5410,3
 59, 58,6845,3
 54, 61,6637,3
 59, 56,6617,3
 54, 60,6516,3
 52, 53,5513,3
 56, 56,6272,3
 53, 62,6653,3
 59, 56,6617,3
 53, 52,5513,3
 55, 59,6506,3
 53, 62,6653,3
 55, 55,6050,3
 58, 56,6500,3
 53, 52,5513,3
 55, 59,6506,3
 58, 57,6613,3
 59, 56,6617,3
 53, 61,6530,3
 52, 52,5408,3
 55, 59,6506,3
 59, 57,6730,3
 55, 55,6050,3
 53, 61,6530,3
 53, 52,5513,3
 55, 60,6625,3
 58, 56,6500,3
 58, 57,6613,3
 52, 61,6425,3
 53, 52,5513,3
 54, 59,6397,3
 59, 57,6730,3
 56, 56,6272,3
 53, 61,6530,3
 54, 59,6397,3
 53, 52,5513,3
 61, 56,6857,3
 54, 61,6637,3
 55, 55,6050,3
 54, 59,6397,3
 52, 53,5513,3
 61, 56,6857,3
 55, 56,6161,3
 53, 61,6530,3
 55, 60,6625,3
 52, 53,5513,3
 56, 56,6272,3
 60, 56,6736,3
 53, 61,6530,3
 52, 53,5513,3
 54, 60,6516,3
 56, 56,6272,3
 59, 56,6617,3
 53, 61,6530,3
 55, 60,6625,3
 52, 53,5513,3
 58, 58,6728,3
 60, 56,6736,3
 53, 61,6530,3
 52, 53,5513,3
 56, 60,6736,3
 58, 57,6613,3
 59, 55,6506,3
 53, 61,6530,3
 52, 52,5408,3
 54, 59,6397,3
 54, 61,6637,3
 56, 56,6272,3
 59, 56,6617,3
 52, 53,5513,3
 54, 60,6516,3
 55, 61,6746,3
 56, 56,6272,3
 60, 56,6736,3
 53, 52,5513,3
 54, 60,6516,3
 58, 57,6613,3
 54, 61,6637,3
 60, 56,6736,3
 55, 59,6506,3
 53, 53,5618,3
 55, 61,6746,3
 59, 56,6617,3
 58, 58,6728,3
 53, 52,5513,3
 54, 59,6397,3
 58, 57,6613,3
 54, 61,6637,3
 60, 56,6736,3
 53, 52,5513,3
 55, 59,6506,3
 55, 61,6746,3
 56, 56,6272,3
 60, 55,6625,3
 55, 59,6506,3
 52, 52,5408,3
 55, 61,6746,3
 56, 56,6272,3
 60, 56,6736,3
 55, 59,6506,3
 53, 54,5725,3
 55, 61,6746,3
 58, 56,6500,3
 61, 56,6857,3
 53, 54,5725,3
 54, 59,6397,3
 55, 61,6746,3
 59, 58,6845,3
 61, 56,6857,3
 52, 53,5513,3
 54, 58,6280,3
 54, 61,6637,3
 58, 57,6613,3
 59, 56,6617,3
 55, 59,6506,3
 52, 53,5513,3
 55, 61,6746,3
 58, 57,6613,3
 60, 56,6736,3
 52, 53,5513,3
 54, 59,6397,3
 60, 55,6625,3
 58, 57,6613,3
 53, 61,6530,3
 53, 54,5725,3
 55, 60,6625,3
 55, 61,6746,3
 56, 57,6385,3
 58, 56,6500,3
 55, 60,6625,3
 53, 53,5618,3
 55, 61,6746,3
 58, 56,6500,3
 56, 56,6272,3
 55, 59,6506,3
 52, 54,5620,3
 59, 56,6617,3
 59, 55,6506,3
 54, 60,6516,3
 55, 59,6506,3
 52, 54,5620,3
 59, 57,6730,3
 54, 61,6637,3
 60, 56,6736,3
 55, 60,6625,3
 52, 53,5513,3
 54, 61,6637,3
 60, 55,6625,3
 59, 57,6730,3
 54, 59,6397,3
 52, 54,5620,3
 55, 61,6746,3
 60, 55,6625,3
 56, 56,6272,3
 55, 59,6506,3
 52, 53,5513,3
 59, 55,6506,3
 57, 56,6385,3
 54, 62,6760,3
 54, 59,6397,3
 52, 53,5513,3
 60, 55,6625,3
 54, 61,6637,3
 56, 56,6272,3
 54, 59,6397,3
 52, 53,5513,3
 60, 56,6736,3
 56, 55,6161,3
 54, 61,6637,3
 54, 59,6397,3
 53, 53,5618,3
 59, 56,6617,3
 56, 55,6161,3
 54, 61,6637,3
 54, 59,6397,3
 53, 53,5618,3
 55, 61,6746,3
 59, 55,6506,3
 58, 57,6613,3
 54, 59,6397,3
 53, 53,5618,3
 55, 62,6869,3
 59, 57,6730,3
 60, 55,6625,3
 53, 58,6173,3
 52, 55,5729,3
 58, 57,6613,3
 53, 61,6530,3
 60, 57,6849,3
 53, 58,6173,3
 52, 54,5620,3
 58, 57,6613,3
 59, 56,6617,3
 52, 62,6548,3
 53, 58,6173,3
 52, 54,5620,3
 58, 58,6728,3
 54, 62,6760,3
 60, 56,6736,3
 54, 58,6280,3
 51, 54,5517,3
 58, 57,6613,3
 60, 56,6736,3
 54, 62,6760,3
 54, 58,6280,3
 52, 54,5620,3
 58, 57,6613,3
 54, 62,6760,3
 60, 56,6736,3
 54, 59,6397,3
 52, 54,5620,3
 60, 56,6736,3
 58, 57,6613,3
 54, 62,6760,3
 54, 58,6280,3
 52, 54,5620,3
 54, 62,6760,3
 60, 56,6736,3
 58, 57,6613,3
 54, 59,6397,3
 52, 53,5513,3
 54, 62,6760,3
 58, 58,6728,3
 59, 56,6617,3
 54, 59,6397,3
 52, 53,5513,3
 58, 58,6728,3
 61, 56,6857,3
 54, 61,6637,3
 54, 59,6397,3
 52, 54,5620,3
 60, 56,6736,3
 54, 62,6760,3
 56, 56,6272,3
 54, 58,6280,3
 51, 54,5517,3
 58, 57,6613,3
 60, 55,6625,3
 53, 62,6653,3
 54, 59,6397,3
 52, 53,5513,3
 58, 57,6613,3
 60, 56,6736,3
 53, 62,6653,3
 54, 59,6397,3
 53, 53,5618,3
 60, 55,6625,3
 54, 61,6637,3
 55, 55,6050,3
 54, 59,6397,3
 52, 53,5513,3
 54, 61,6637,3
 59, 55,6506,3
 55, 55,6050,3
 55, 59,6506,3
 52, 53,5513,3
 54, 61,6637,3
 58, 55,6389,3
 58, 56,6500,3
 55, 59,6506,3
 52, 54,5620,3
 54, 62,6760,3
 61, 55,6746,3
 56, 55,6161,3
 55, 59,6506,3
 52, 53,5513,3
 55, 61,6746,3
 60, 55,6625,3
 58, 57,6613,3
 55, 59,6506,3
 52, 53,5513,3
 59, 56,6617,3
 54, 61,6637,3
 60, 55,6625,3
 55, 59,6506,3
 51, 53,5410,3
 58, 57,6613,3
 60, 55,6625,3
 54, 61,6637,3
 55, 59,6506,3
 51, 53,5410,3
 61, 56,6857,3
 54, 60,6516,3
 58, 56,6500,3
 55, 59,6506,3
 51, 54,5517,3
 55, 61,6746,3
 59, 55,6506,3
 58, 56,6500,3
 55, 59,6506,3
 51, 54,5517,3
 59, 57,6730,3
 59, 55,6506,3
 54, 61,6637,3
 55, 59,6506,3
 52, 54,5620,3
 59, 57,6730,3
 59, 56,6617,3
 54, 61,6637,3
 55, 59,6506,3
 51, 54,5517,3
 58, 56,6500,3
 60, 56,6736,3
 53, 61,6530,3
 53, 53,5618,3
 55, 59,6506,3
 59, 58,6845,3
 54, 61,6637,3
 59, 56,6617,3
 55, 60,6625,3
 52, 53,5513,3
 59, 58,6845,3
 59, 55,6506,3
 54, 61,6637,3
 54, 59,6397,3
 54, 60,6516,3
 53, 53,5618,3
 59, 57,6730,3
 60, 56,6736,3
 53, 62,6653,3
 54, 60,6516,3
 53, 53,5618,3
 60, 56,6736,3
 59, 57,6730,3
 53, 62,6653,3
 54, 60,6516,3
 53, 53,5618,3
 60, 56,6736,3
 58, 56,6500,3
 53, 62,6653,3
 54, 60,6516,3
 53, 54,5725,3
 54, 62,6760,3
 58, 57,6613,3
 59, 56,6617,3
 54, 59,6397,3
 53, 54,5725,3
 59, 56,6617,3
 60, 56,6736,3
 53, 62,6653,3
 54, 59,6397,3
 53, 53,5618,3
 59, 56,6617,3
 60, 55,6625,3
 54, 61,6637,3
 53, 54,5725,3
 54, 60,6516,3
 60, 55,6625,3
 56, 55,6161,3
 53, 61,6530,3
 53, 59,6290,3
 53, 54,5725,3
 60, 55,6625,3
 59, 56,6617,3
 53, 62,6653,3
 54, 59,6397,3
 52, 54,5620,3
 59, 56,6617,3
 61, 56,6857,3
 54, 61,6637,3
 55, 60,6625,3
 52, 54,5620,3
 59, 57,6730,3
 59, 56,6617,3
 54, 61,6637,3
 54, 59,6397,3
 53, 53,5618,3
 55, 62,6869,3
 59, 56,6617,3
 56, 56,6272,3
 53, 53,5618,3
 55, 59,6506,3
 55, 61,6746,3
 59, 56,6617,3
 57, 55,6274,3
 52, 53,5513,3
 55, 59,6506,3
 55, 61,6746,3
 59, 56,6617,3
 56, 56,6272,3
 52, 54,5620,3
 55, 59,6506,3
 54, 61,6637,3
 60, 56,6736,3
 56, 56,6272,3
 53, 53,5618,3
 54, 60,6516,3
 54, 61,6637,3
 60, 56,6736,3
 59, 57,6730,3
 53, 53,5618,3
 55, 59,6506,3
 58, 57,6613,3
 54, 61,6637,3
 60, 55,6625,3
 53, 53,5618,3
 55, 59,6506,3
 54, 62,6760,3
 60, 55,6625,3
 56, 56,6272,3
 52, 53,5513,3
 55, 59,6506,3
 54, 62,6760,3
 60, 55,6625,3
 56, 56,6272,3
 53, 53,5618,3
 55, 59,6506,3
 60, 56,6736,3
 54, 62,6760,3
 56, 56,6272,3
 53, 53,5618,3
 55, 59,6506,3
 54, 62,6760,3
 60, 55,6625,3
 56, 55,6161,3
 53, 53,5618,3
 55, 59,6506,3
 58, 57,6613,3
 61, 55,6746,3
 53, 61,6530,3
 53, 53,5618,3
 55, 59,6506,3
 60, 56,6736,3
 59, 56,6617,3
 54, 61,6637,3
 53, 59,6290,3
 52, 53,5513,3
 55, 62,6869,3
 55, 56,6161,3
 59, 56,6617,3
 53, 58,6173,3
 53, 59,6290,3
 52, 53,5513,3
 56, 56,6272,3
 54, 61,6637,3
 59, 56,6617,3
 54, 58,6280,3
 54, 59,6397,3
 52, 53,5513,3
 54, 61,6637,3
 60, 56,6736,3
 55, 56,6161,3
 51, 53,5410,3
 54, 59,6397,3
 59, 57,6730,3
 55, 57,6274,3
 54, 61,6637,3
 51, 53,5410,3
 54, 58,6280,3
 60, 56,6736,3
 58, 58,6728,3
 54, 61,6637,3
 52, 53,5513,3
 54, 58,6280,3
 54, 61,6637,3
 56, 56,6272,3
 59, 56,6617,3
 52, 53,5513,3
 54, 58,6280,3
 55, 61,6746,3
 59, 57,6730,3
 59, 56,6617,3
 51, 53,5410,3
 54, 58,6280,3
 59, 57,6730,3
 59, 56,6617,3
 53, 61,6530,3
 53, 58,6173,3
 52, 54,5620,3
 53, 59,6290,3
 59, 57,6730,3
 59, 56,6617,3
 54, 61,6637,3
 53, 59,6290,3
 52, 54,5620,3
 59, 57,6730,3
 60, 56,6736,3
 54, 61,6637,3
 60, 57,6849,3
 54, 58,6280,3
 52, 53,5513,3
 54, 61,6637,3
 59, 56,6617,3
 54, 59,6397,3
 59, 57,6730,3
 51, 53,5410,3
 54, 61,6637,3
 59, 56,6617,3
 52, 53,5513,3
 53, 60,6409,3
 55, 55,6050,3
 53, 62,6653,3
 59, 56,6617,3
 53, 59,6290,3
 52, 53,5513,3
 59, 56,6617,3
 55, 55,6050,3
 53, 61,6530,3
 54, 59,6397,3
 51, 53,5410,3
 55, 55,6050,3
 54, 62,6760,3
 60, 56,6736,3
 54, 59,6397,3
 51, 53,5410,3
 58, 57,6613,3
 59, 56,6617,3
 53, 62,6653,3
 53, 59,6290,3
 52, 53,5513,3
 58, 56,6500,3
 59, 56,6617,3
 53, 62,6653,3
 53, 59,6290,3
 52, 53,5513,3
 58, 57,6613,3
 54, 62,6760,3
 59, 56,6617,3
 53, 59,6290,3
 52, 53,5513,3
 58, 57,6613,3
 59, 56,6617,3
 53, 62,6653,3
 54, 59,6397,3
 52, 54,5620,3
 54, 61,6637,3
 59, 57,6730,3
 59, 56,6617,3
 54, 59,6397,3
 52, 54,5620,3
 58, 57,6613,3
 53, 62,6653,3
 59, 56,6617,3
 54, 59,6397,3
 52, 53,5513,3
 58, 57,6613,3
 53, 62,6653,3
 60, 56,6736,3
 54, 58,6280,3
 52, 53,5513,3
 54, 61,6637,3
 57, 57,6498,3
 59, 56,6617,3
 54, 60,6516,3
 52, 53,5513,3
 58, 57,6613,3
 53, 62,6653,3
 60, 56,6736,3
 54, 58,6280,3
 53, 52,5513,3
 54, 62,6760,3
 58, 56,6500,3
 55, 56,6161,3
 55, 59,6506,3
 53, 53,5618,3
 59, 56,6617,3
 55, 55,6050,3
 53, 61,6530,3
 55, 59,6506,3
 52, 53,5513,3
 58, 55,6389,3
 55, 55,6050,3
 53, 61,6530,3
 55, 59,6506,3
 52, 52,5408,3
 55, 56,6161,3
 58, 56,6500,3
 53, 61,6530,3
 55, 59,6506,3
 52, 53,5513,3
 55, 56,6161,3
 58, 56,6500,3
 53, 62,6653,3
 55, 59,6506,3
 53, 53,5618,3
 58, 56,6500,3
 55, 56,6161,3
 52, 62,6548,3
 55, 59,6506,3
 52, 53,5513,3
 58, 56,6500,3
 55, 56,6161,3
 53, 62,6653,3
 55, 59,6506,3
 52, 53,5513,3
 55, 56,6161,3
 59, 56,6617,3
 54, 61,6637,3
 55, 60,6625,3
 53, 53,5618,3
 59, 56,6617,3
 55, 56,6161,3
 53, 62,6653,3
 55, 59,6506,3
 53, 53,5618,3
 59, 56,6617,3
 54, 55,5941,3
 53, 62,6653,3
 55, 60,6625,3
 52, 53,5513,3
 59, 56,6617,3
 54, 56,6052,3
 53, 62,6653,3
 55, 60,6625,3
 52, 53,5513,3
 59, 56,6617,3
 55, 56,6161,3
 52, 62,6548,3
 53, 59,6290,3
 53, 54,5725,3
 54, 62,6760,3
 56, 57,6385,3
 58, 56,6500,3
 53, 58,6173,3
 53, 53,5618,3
 60, 56,6736,3
 54, 61,6637,3
 56, 56,6272,3
 53, 59,6290,3
 52, 54,5620,3
 60, 56,6736,3
 54, 61,6637,3
 55, 56,6161,3
 53, 59,6290,3
 52, 54,5620,3
 60, 56,6736,3
 54, 61,6637,3
 58, 57,6613,3
 53, 59,6290,3
 52, 54,5620,3
 60, 56,6736,3
 59, 57,6730,3
 53, 62,6653,3
 54, 59,6397,3
 52, 54,5620,3
 60, 56,6736,3
 57, 56,6385,3
 53, 62,6653,3
 53, 59,6290,3
 52, 54,5620,3
 59, 56,6617,3
 55, 56,6161,3
 53, 62,6653,3
 53, 59,6290,3
 52, 54,5620,3
 59, 56,6617,3
 56, 56,6272,3
 53, 61,6530,3
 52, 59,6185,3
 51, 54,5517,3
 56, 55,6161,3
 59, 56,6617,3
 54, 61,6637,3
 54, 59,6397,3
 51, 54,5517,3
 56, 55,6161,3
 59, 56,6617,3
 55, 61,6746,3
 53, 59,6290,3
 52, 54,5620,3
 59, 56,6617,3
 56, 56,6272,3
 55, 61,6746,3
 54, 59,6397,3
 52, 54,5620,3
 56, 56,6272,3
 59, 56,6617,3
 54, 61,6637,3
 55, 60,6625,3
 53, 54,5725,3
 54, 62,6760,3
 59, 56,6617,3
 55, 56,6161,3
 56, 60,6736,3
 53, 54,5725,3
 58, 57,6613,3
 58, 56,6500,3
 54, 61,6637,3
 52, 54,5620,3
 54, 59,6397,3
 60, 55,6625,3
 56, 55,6161,3
 53, 61,6530,3
 54, 59,6397,3
 52, 53,5513,3
 60, 55,6625,3
 56, 55,6161,3
 54, 61,6637,3
 55, 59,6506,3
 52, 54,5620,3
 59, 56,6617,3
 56, 55,6161,3
 53, 61,6530,3
 53, 54,5725,3
 53, 59,6290,3
 56, 55,6161,3
 61, 56,6857,3
 53, 61,6530,3
 52, 54,5620,3
 54, 60,6516,3
 60, 56,6736,3
 55, 55,6050,3
 54, 61,6637,3
 52, 54,5620,3
 54, 60,6516,3
 60, 56,6736,3
 56, 55,6161,3
 54, 61,6637,3
 54, 59,6397,3
 52, 53,5513,3
 59, 56,6617,3
 56, 55,6161,3
 53, 61,6530,3
 54, 60,6516,3
 52, 54,5620,3
 60, 56,6736,3
 56, 55,6161,3
 53, 61,6530,3
 55, 60,6625,3
 53, 53,5618,3
 61, 56,6857,3
 54, 61,6637,3
 58, 58,6728,3
 53, 54,5725,3
 54, 60,6516,3
 55, 61,6746,3
 60, 56,6736,3
 55, 56,6161,3
 54, 59,6397,3
 52, 54,5620,3
 54, 62,6760,3
 55, 56,6161,3
 60, 56,6736,3
 54, 60,6516,3
 52, 53,5513,3
 53, 62,6653,3
 55, 55,6050,3
 60, 56,6736,3
 54, 59,6397,3
 52, 53,5513,3
 53, 62,6653,3
 55, 55,6050,3
 60, 56,6736,3
 54, 59,6397,3
 52, 54,5620,3
 53, 62,6653,3
 56, 55,6161,3
 60, 57,6849,3
 54, 59,6397,3
 52, 54,5620,3
 54, 62,6760,3
 56, 55,6161,3
 60, 56,6736,3
 55, 60,6625,3
 52, 53,5513,3
 54, 62,6760,3
 56, 55,6161,3
 61, 56,6857,3
 52, 54,5620,3
 55, 60,6625,3
 54, 61,6637,3
 57, 55,6274,3
 60, 56,6736,3
 54, 59,6397,3
 52, 54,5620,3
 56, 55,6161,3
 60, 56,6736,3
 53, 61,6530,3
 54, 59,6397,3
 52, 54,5620,3
 56, 56,6272,3
 53, 62,6653,3
 61, 56,6857,3
 54, 60,6516,3
 52, 53,5513,3
 58, 57,6613,3
 53, 62,6653,3
 61, 56,6857,3
 53, 54,5725,3
 54, 60,6516,3
 54, 62,6760,3
 59, 57,6730,3
 61, 56,6857,3
 55, 62,6869,3
 55, 59,6506,3
 52, 54,5620,3
 60, 56,6736,3
 56, 55,6161,3
 56, 61,6857,3
 53, 54,5725,3
 54, 58,6280,3
 55, 56,6161,3
 59, 56,6617,3
 54, 58,6280,3
 53, 53,5618,3
 54, 61,6637,3
 55, 55,6050,3
 59, 56,6617,3
 55, 59,6506,3
 53, 53,5618,3
 56, 55,6161,3
 54, 61,6637,3
 61, 56,6857,3
 55, 59,6506,3
 53, 54,5725,3
 54, 61,6637,3
 55, 56,6161,3
 60, 56,6736,3
 55, 58,6389,3
 52, 54,5620,3
 55, 61,6746,3
 55, 55,6050,3
 61, 56,6857,3
 55, 59,6506,3
 53, 53,5618,3
 55, 61,6746,3
 55, 56,6161,3
 62, 56,6980,3
 55, 58,6389,3
 53, 53,5618,3
 55, 61,6746,3
 62, 56,6980,3
 55, 55,6050,3
 55, 58,6389,3
 53, 53,5618,3
 54, 61,6637,3
 61, 56,6857,3
 56, 55,6161,3
 55, 58,6389,3
 52, 53,5513,3
 54, 61,6637,3
 60, 56,6736,3
 56, 55,6161,3
 55, 58,6389,3
 52, 53,5513,3
 55, 61,6746,3
 61, 56,6857,3
 55, 55,6050,3
 55, 58,6389,3
 52, 53,5513,3
 60, 56,6736,3
 55, 61,6746,3
 55, 56,6161,3
 54, 58,6280,3
 52, 53,5513,3
 58, 57,6613,3
 59, 55,6506,3
 54, 61,6637,3
 53, 54,5725,3
 54, 60,6516,3
 55, 61,6746,3
 56, 57,6385,3
 59, 56,6617,3
 54, 59,6397,3
 53, 53,5618,3
 55, 62,6869,3
 56, 56,6272,3
 60, 56,6736,3
 52, 54,5620,3
 53, 60,6409,3
 55, 61,6746,3
 58, 57,6613,3
 60, 56,6736,3
 54, 60,6516,3
 52, 54,5620,3
 55, 61,6746,3
 58, 57,6613,3
 61, 56,6857,3
 53, 53,5618,3
 54, 59,6397,3
 58, 57,6613,3
 60, 56,6736,3
 54, 61,6637,3
 52, 53,5513,3
 54, 60,6516,3
 59, 57,6730,3
 54, 61,6637,3
 59, 55,6506,3
 54, 59,6397,3
 52, 53,5513,3
 59, 57,6730,3
 54, 61,6637,3
 60, 56,6736,3
 52, 53,5513,3
 54, 59,6397,3
 58, 58,6728,3
 54, 61,6637,3
 60, 56,6736,3
 54, 59,6397,3
 52, 53,5513,3
 58, 58,6728,3
 54, 61,6637,3
 59, 56,6617,3
 54, 58,6280,3
 52, 54,5620,3
 58, 58,6728,3
 54, 61,6637,3
 59, 56,6617,3
 54, 59,6397,3
 52, 54,5620,3
 59, 57,6730,3
 59, 56,6617,3
 54, 62,6760,3
 54, 58,6280,3
 53, 54,5725,3
 55, 61,6746,3
 59, 57,6730,3
 60, 56,6736,3
 54, 59,6397,3
 52, 53,5513,3
 55, 62,6869,3
 58, 59,6845,3
 59, 56,6617,3
 54, 58,6280,3
 52, 53,5513,3
 54, 62,6760,3
 58, 58,6728,3
 60, 56,6736,3
 54, 58,6280,3
 52, 53,5513,3
 60, 56,6736,3
 54, 61,6637,3
 57, 58,6613,3
 55, 59,6506,3
 52, 53,5513,3
 59, 58,6845,3
 60, 56,6736,3
 54, 61,6637,3
 52, 54,5620,3
 54, 58,6280,3
 59, 56,6617,3
 58, 58,6728,3
 54, 61,6637,3
 52, 54,5620,3
 55, 59,6506,3
 58, 57,6613,3
 61, 56,6857,3
 54, 61,6637,3
 55, 58,6389,3
 51, 54,5517,3
 58, 57,6613,3
 60, 56,6736,3
 54, 61,6637,3
 54, 58,6280,3
 51, 53,5410,3
 59, 58,6845,3
 60, 56,6736,3
 53, 61,6530,3
 52, 54,5620,3
 59, 58,6845,3
 54, 58,6280,3
 55, 61,6746,3
 59, 56,6617,3
 51, 54,5517,3
 54, 58,6280,3
 59, 57,6730,3
 55, 61,6746,3
 59, 55,6506,3
 55, 59,6506,3
 51, 53,5410,3
 59, 57,6730,3
 55, 61,6746,3
 59, 55,6506,3
 55, 59,6506,3
 51, 54,5517,3
 59, 58,6845,3
 54, 61,6637,3
 60, 55,6625,3
 55, 61,6746,3
 52, 54,5620,3
 55, 61,6746,3
 59, 56,6617,3
 56, 55,6161,3
 55, 61,6746,3
 51, 54,5517,3
 60, 56,6736,3
 54, 61,6637,3
 55, 55,6050,3
 52, 54,5620,3
 55, 60,6625,3
 61, 56,6857,3
 56, 56,6272,3
 54, 61,6637,3
 53, 54,5725,3
 55, 60,6625,3
 61, 56,6857,3
 56, 57,6385,3
 54, 61,6637,3
 55, 59,6506,3
 53, 54,5725,3
 61, 56,6857,3
 55, 61,6746,3
 55, 56,6161,3
 55, 60,6625,3
 53, 54,5725,3
 59, 56,6617,3
 55, 56,6161,3
 54, 61,6637,3
 54, 59,6397,3
 52, 53,5513,3
 55, 61,6746,3
 56, 56,6272,3
 58, 56,6500,3
 53, 54,5725,3
 55, 59,6506,3
 55, 61,6746,3
 59, 56,6617,3
 56, 56,6272,3
 53, 54,5725,3
 55, 59,6506,3
 55, 61,6746,3
 58, 57,6613,3
 59, 56,6617,3
 52, 54,5620,3
 55, 58,6389,3
 59, 56,6617,3
 54, 61,6637,3
 55, 56,6161,3
 53, 54,5725,3
 55, 59,6506,3
 55, 61,6746,3
 59, 56,6617,3
 59, 57,6730,3
 54, 53,5725,3
 55, 59,6506,3
 55, 61,6746,3
 59, 57,6730,3
 59, 55,6506,3
 54, 59,6397,3
 53, 53,5618,3
 55, 57,6274,3
 53, 61,6530,3
 60, 56,6736,3
 54, 59,6397,3
 53, 54,5725,3
 58, 58,6728,3
 54, 61,6637,3
 61, 56,6857,3
 54, 59,6397,3
 53, 53,5618,3
 59, 58,6845,3
 61, 55,6746,3
 53, 61,6530,3
 55, 59,6506,3
 52, 53,5513,3
 59, 57,6730,3
 54, 61,6637,3
 61, 56,6857,3
 52, 53,5513,3
 55, 59,6506,3
 58, 58,6728,3
 61, 55,6746,3
 53, 61,6530,3
 51, 52,5305,3
 55, 60,6625,3
 59, 58,6845,3
 61, 55,6746,3
 54, 60,6516,3
 59, 58,6845,3
 52, 52,5408,3
 54, 60,6516,3
 60, 55,6625,3
 54, 61,6637,3
 59, 58,6845,3
 52, 53,5513,3
 55, 60,6625,3
 54, 61,6637,3
 61, 55,6746,3
 56, 60,6736,3
 52, 53,5513,3
 59, 58,6845,3
 55, 61,6746,3
 60, 55,6625,3
 52, 53,5513,3
 55, 60,6625,3
 58, 57,6613,3
 60, 55,6625,3
 54, 61,6637,3
 55, 59,6506,3
 51, 53,5410,3
 58, 57,6613,3
 60, 55,6625,3
 54, 61,6637,3
 54, 59,6397,3
 52, 53,5513,3
 58, 57,6613,3
 54, 60,6516,3
 60, 55,6625,3
 55, 59,6506,3
 51, 54,5517,3
 54, 62,6760,3
 56, 56,6272,3
 61, 56,6857,3
 52, 54,5620,3
 54, 58,6280,3
 59, 57,6730,3
 54, 61,6637,3
 61, 55,6746,3
 55, 58,6389,3
 52, 54,5620,3
 58, 58,6728,3
 54, 61,6637,3
 61, 55,6746,3
 55, 58,6389,3
 52, 53,5513,3
 58, 57,6613,3
 54, 61,6637,3
 59, 56,6617,3
 55, 59,6506,3
 52, 54,5620,3
 54, 61,6637,3
 58, 57,6613,3
 59, 55,6506,3
 55, 59,6506,3
 52, 54,5620,3
 55, 61,6746,3
 58, 58,6728,3
 59, 55,6506,3
 55, 59,6506,3
 52, 54,5620,3
 55, 61,6746,3
 58, 58,6728,3
 59, 55,6506,3
 55, 60,6625,3
 52, 54,5620,3
 55, 61,6746,3
 56, 57,6385,3
 59, 56,6617,3
 55, 59,6506,3
 52, 55,5729,3
 56, 56,6272,3
 54, 61,6637,3
 59, 56,6617,3
 55, 58,6389,3
 51, 54,5517,3
 54, 61,6637,3
 58, 58,6728,3
 59, 56,6617,3
 56, 59,6617,3
 51, 54,5517,3
 54, 61,6637,3
 58, 57,6613,3
 58, 56,6500,3
 55, 59,6506,3
 52, 54,5620,3
 55, 61,6746,3
 58, 58,6728,3
 59, 56,6617,3
 54, 59,6397,3
 53, 55,5834,3
 54, 62,6760,3
 56, 56,6272,3
 59, 56,6617,3
 54, 59,6397,3
 53, 54,5725,3
 54, 62,6760,3
 56, 56,6272,3
 58, 56,6500,3
 55, 59,6506,3
 52, 54,5620,3
 56, 56,6272,3
 54, 61,6637,3
 58, 56,6500,3
 55, 59,6506,3
 52, 54,5620,3
 58, 57,6613,3
 58, 55,6389,3
 54, 61,6637,3
 54, 59,6397,3
 52, 54,5620,3
 59, 56,6617,3
 56, 56,6272,3
 54, 61,6637,3
 54, 59,6397,3
 52, 53,5513,3
 59, 58,6845,3
 60, 56,6736,3
 54, 61,6637,3
 55, 60,6625,3
 52, 54,5620,3
 59, 56,6617,3
 59, 56,6617,3
 54, 61,6637,3
 55, 59,6506,3
 52, 54,5620,3
 59, 56,6617,3
 59, 57,6730,3
 54, 61,6637,3
 55, 60,6625,3
 52, 54,5620,3
 54, 62,6760,3
 60, 56,6736,3
 56, 55,6161,3
 55, 60,6625,3
 52, 54,5620,3
 54, 61,6637,3
 60, 56,6736,3
 56, 56,6272,3
 55, 60,6625,3
 52, 54,5620,3
 58, 57,6613,3
 60, 56,6736,3
 54, 61,6637,3
 55, 59,6506,3
 52, 53,5513,3
 58, 56,6500,3
 54, 61,6637,3
 60, 56,6736,3
 53, 54,5725,3
 55, 59,6506,3
 55, 61,6746,3
 55, 56,6161,3
 59, 56,6617,3
 52, 54,5620,3
 54, 58,6280,3
 55, 56,6161,3
 54, 61,6637,3
 59, 56,6617,3
 54, 57,6165,3
 53, 54,5725,3
 54, 60,6516,3
 56, 55,6161,3
 59, 56,6617,3
 53, 58,6173,3
 53, 53,5618,3
 56, 56,6272,3
 54, 61,6637,3
 61, 56,6857,3
 53, 58,6173,3
 53, 53,5618,3
 56, 56,6272,3
 60, 56,6736,3
 53, 61,6530,3
 53, 58,6173,3
 53, 54,5725,3
 56, 55,6161,3
 60, 56,6736,3
 53, 61,6530,3
 54, 58,6280,3
 52, 54,5620,3
 56, 56,6272,3
 54, 61,6637,3
 59, 56,6617,3
 54, 58,6280,3
 52, 53,5513,3
 56, 56,6272,3
 59, 56,6617,3
 53, 61,6530,3
 54, 57,6165,3
 52, 54,5620,3
 60, 56,6736,3
 54, 61,6637,3
 56, 56,6272,3
 54, 58,6280,3
 52, 54,5620,3
 54, 61,6637,3
 57, 56,6385,3
 61, 56,6857,3
 54, 58,6280,3
 52, 54,5620,3
 56, 56,6272,3
 61, 56,6857,3
 54, 61,6637,3
 54, 59,6397,3
 52, 54,5620,3
 59, 57,6730,3
 54, 61,6637,3
 60, 56,6736,3
 53, 54,5725,3
 54, 59,6397,3
 55, 61,6746,3
 56, 56,6272,3
 59, 56,6617,3
 53, 53,5618,3
 54, 59,6397,3
 55, 60,6625,3
 56, 56,6272,3
 61, 55,6746,3
 54, 59,6397,3
 52, 53,5513,3
 55, 61,6746,3
 57, 56,6385,3
 60, 55,6625,3
 54, 59,6397,3
 52, 53,5513,3
 54, 62,6760,3
 59, 57,6730,3
 61, 55,6746,3
 53, 53,5618,3
 54, 59,6397,3
 54, 61,6637,3
 58, 57,6613,3
 61, 56,6857,3
 54, 58,6280,3
 53, 54,5725,3
 55, 61,6746,3
 58, 57,6613,3
 61, 56,6857,3
 53, 53,5618,3
 54, 58,6280,3
 55, 61,6746,3
 58, 57,6613,3
 60, 56,6736,3
 54, 58,6280,3
 52, 53,5513,3
 55, 60,6625,3
 61, 56,6857,3
 55, 56,6161,3
 55, 58,6389,3
 53, 54,5725,3
 54, 61,6637,3
 61, 56,6857,3
 58, 57,6613,3
 54, 59,6397,3
 52, 53,5513,3
 61, 56,6857,3
 56, 57,6385,3
 54, 61,6637,3
 54, 59,6397,3
 52, 53,5513,3
 58, 57,6613,3
 61, 56,6857,3
 53, 61,6530,3
 54, 59,6397,3
 52, 53,5513,3
 55, 61,6746,3
 56, 56,6272,3
 60, 56,6736,3
 53, 60,6409,3
 52, 54,5620,3
 55, 61,6746,3
 55, 56,6161,3
 59, 56,6617,3
 54, 59,6397,3
 52, 53,5513,3
 55, 56,6161,3
 54, 61,6637,3
 60, 56,6736,3
 54, 60,6516,3
 52, 54,5620,3
 55, 60,6625,3
 56, 55,6161,3
 60, 56,6736,3
 55, 60,6625,3
 52, 54,5620,3
 55, 60,6625,3
 56, 55,6161,3
 61, 55,6746,3
 54, 60,6516,3
 56, 60,6736,3
 51, 54,5517,3
 56, 56,6272,3
 61, 55,6746,3
 54, 59,6397,3
 51, 53,5410,3
 60, 56,6736,3
 55, 55,6050,3
 54, 60,6516,3
 54, 59,6397,3
 51, 53,5410,3
 60, 56,6736,3
 54, 61,6637,3
 55, 55,6050,3
 55, 60,6625,3
 51, 53,5410,3
 54, 61,6637,3
 62, 56,6980,3
 55, 55,6050,3
 55, 59,6506,3
 55, 61,6746,3
 52, 53,5513,3
 61, 56,6857,3
 55, 55,6050,3
 55, 59,6506,3
 52, 53,5513,3
 55, 61,6746,3
 61, 56,6857,3
 55, 54,5941,3
 55, 59,6506,3
 51, 53,5410,3
 55, 61,6746,3
 55, 55,6050,3
 60, 56,6736,3
 54, 59,6397,3
 51, 53,5410,3
 54, 61,6637,3
 61, 56,6857,3
 55, 55,6050,3
 55, 59,6506,3
 52, 54,5620,3
 55, 61,6746,3
 56, 56,6272,3
 59, 56,6617,3
 55, 58,6389,3
 52, 53,5513,3
 54, 61,6637,3
 61, 56,6857,3
 58, 58,6728,3
 54, 58,6280,3
 52, 54,5620,3
 58, 58,6728,3
 61, 56,6857,3
 53, 61,6530,3
 55, 58,6389,3
 52, 54,5620,3
 58, 58,6728,3
 59, 56,6617,3
 54, 61,6637,3
 55, 58,6389,3
 59, 57,6730,3
 52, 53,5513,3
 54, 61,6637,3
 59, 56,6617,3
 55, 59,6506,3
 51, 53,5410,3
 58, 57,6613,3
 60, 55,6625,3
 53, 61,6530,3
 55, 59,6506,3
 52, 54,5620,3
 56, 56,6272,3
 60, 56,6736,3
 54, 61,6637,3
 54, 59,6397,3
 52, 53,5513,3
 58, 57,6613,3
 60, 55,6625,3
 54, 61,6637,3
 54, 58,6280,3
 52, 53,5513,3
 60, 56,6736,3
 56, 56,6272,3
 54, 61,6637,3
 54, 58,6280,3
 52, 54,5620,3
 54, 61,6637,3
 56, 55,6161,3
 59, 56,6617,3
 54, 59,6397,3
 52, 53,5513,3
 58, 57,6613,3
 54, 61,6637,3
 59, 55,6506,3
 54, 58,6280,3
 52, 53,5513,3
 56, 56,6272,3
 60, 56,6736,3
 54, 61,6637,3
 54, 59,6397,3
 54, 53,5725,3
 55, 61,6746,3
 58, 56,6500,3
 54, 55,5941,3
 53, 54,5725,3
 53, 59,6290,3
 59, 56,6617,3
 55, 56,6161,3
 54, 61,6637,3
 53, 54,5725,3
 54, 60,6516,3
 60, 56,6736,3
 55, 56,6161,3
 53, 61,6530,3
 56, 59,6617,3
 54, 59,6397,3
 52, 53,5513,3
 60, 56,6736,3
 55, 54,5941,3
 53, 61,6530,3
 55, 59,6506,3
 53, 54,5725,3
 55, 55,6050,3
 60, 56,6736,3
 54, 61,6637,3
 53, 53,5618,3
 54, 58,6280,3
 61, 56,6857,3
 55, 55,6050,3
 54, 61,6637,3
 55, 59,6506,3
 53, 53,5618,3
 55, 55,6050,3
 60, 56,6736,3
 54, 61,6637,3
 53, 54,5725,3
 55, 59,6506,3
 60, 56,6736,3
 56, 55,6161,3
 53, 61,6530,3
 52, 53,5513,3
 55, 60,6625,3
 60, 56,6736,3
 55, 55,6050,3
 53, 61,6530,3
